Id;Label;Start;End
17759;mattn;1;22
2492410;nikkypx;7;22
2626621;haio;3;22
1831;dominictarr;6;22
2198;julianduque;1;22
4130;ralphtheninja;1;22
8961;Sannis;1;22
9930;3rd-Eden;1;22
10044;indexzero;1;22
12371;jcrugzz;1;22
24239;yields;2;22
49024;machadogj;2;22
55621;kesla;1;22
68070;nicolagreco;1;22
89643;stagas;1;22
127239;Kikobeats;3;22
168760;lxe;1;22
177183;ArtskydJ;2;22
340208;lpinca;1;22
523869;simonewebdesign;3;22
526626;okoala;3;22
829752;iantocristian;1;22
877180;yoshuawuyts;4;22
883111;yorkie;3;22
1017115;XadillaX;4;22
1787951;dunckr;4;22
1837233;gergelyke;3;22
1861093;ariskemper;6;22
2313223;SuriyaaKudoIsc;7;22
2562901;JaKXz;4;22
2657728;RnbWd;7;22
3254200;arvindr21;4;22
3272060;stevemao;9;22
3303742;mrbatista;9;22
4460495;suguru03;10;22
5692946;lpww;11;22
6997894;donasaur;7;22
7279;cowboyd;3;22
20838;fb3;4;22
40942;RafalChmiel;2;22
44295;splattael;1;22
1969427;yamadapc;5;22
3121811;pine613;7;22
7858;goshakkk;1;22
15859;springmeyer;1;22
24621;snkashis;6;22
30044;mattr-;1;22
34369;sidorares;1;22
39367;vesln;1;22
41478;toshimaru;2;22
46703;kossnocorp;2;22
47628;minad;1;22
150366;Starefossen;2;22
153043;aaronlidman;2;22
1306067;katydecorah;3;22
3045801;scisco;8;22
13138;paulogaspar7;1;22
212634;wyuenho;2;22
324990;tkoomzaaskz;7;22
403657;Ulexus;3;22
2695;dpree;1;22
106493;jonykrause;3;22
2068945;dsuckau;2;22
2087882;paulmelnikow;1;22
2579034;ecasilla;6;22
8793;ozten;2;22
20993;nschonni;1;22
186771;deepak1556;1;22
1748789;jbnicolai;5;22
3699840;iancormac84;10;22
9886;balupton;2;22
11967;wilmoore;1;22
101264;thlorenz;3;22
244104;mreinstein;1;22
951697;RandomlyKnighted;4;22
1123203;thebadger412;4;22
1724053;rusikf;4;22
1937524;fassetar;6;22
2402307;eiriklv;5;22
2598184;pelhage;6;22
3250792;gireeshpunathil;9;22
5113162;ezhdan-sugarcrm;9;22
465;andrew;1;22
856;yawnt;1;22
1001;philips;1;22
3662;mixu;1;22
3871;sindresorhus;1;22
5132;pvorb;1;22
6987;asciidisco;1;22
8209;Raynos;1;22
8260;tellnes;1;22
11987;madhums;1;22
12370;sandfox;2;22
14748;elliotf;3;22
18669;comster;2;22
18766;diversario;1;22
31353;matmuchrapna;2;22
32730;lukekarrys;1;22
44131;coderarity;1;22
50770;blakmatrix;1;22
60683;geddski;5;22
65645;alFReD-NSH;1;22
86436;ypocat;1;22
87176;serby;1;22
97776;popomore;1;22
105379;ManInTheBox;2;22
143477;ashnur;1;22
185014;zyll;1;22
197585;bjornstar;1;22
272670;ohbarye;2;22
348133;dhendo;1;22
818343;ChrisWren;3;22
857362;colinwren;3;22
955138;huei90;4;22
985857;watilde;2;22
1464506;t3chnoboy;4;22
4386975;borkxs;10;22
7786189;ungoldman;8;22
1681055;lifeisfoo;5;22
1839508;euank;3;22
2134928;pgilad;6;22
6448;jplock;3;22
7263;sjonnet19;1;22
14130;evanp;1;22
61224;DiogoNeves;1;22
94127;dmelikyan;1;22
140859;j03w;2;22
224280;bodokaiser;2;22
242754;kamagatos;1;22
7346761;kantharia;11;22
8532194;RovingCodeMonkey;14;22
4568;cfddream;1;22
19752;franz-josef-kaiser;1;22
75764;geon;3;22
2634512;ekmartin;5;22
2209437;reqshark;2;22
3215;tricknotes;1;22
733;ericf;1;22
181102;Ajido;2;22
320704;Lewuathe;2;22
13358;ejholmes;4;22
53543;floydsoft;2;22
270723;ajcrites;1;22
284040;thenickcox;4;22
618329;karlhorky;3;22
960089;farukaydin;4;22
1163370;IonicaBizau;4;22
1656484;hairyhenderson;3;22
1772965;am11;5;22
2582425;AntouanK;6;22
2929431;MaximAbramchuck;8;22
5013455;brendanashworth;4;22
1900;guille;1;22
3711;oyiptong;6;22
3750;tbranyen;1;22
6221;timoxley;1;22
7170;wookiehangover;1;22
8267;mikeal;1;22
10227;feross;1;22
12780;afronski;1;22
18564;AvianFlu;1;22
19216;ossreleasefeed;2;22
20020;gf3;1;22
116979;st-luke;1;22
273619;haroldtreen;2;22
292256;simov;2;22
1682777;magicgrl111;5;22
2016667;jlord;1;22
2595397;rodrigo-medeiros;5;22
6423226;tyleranton;5;22
4096;btford;1;22
6240;addyosmani;1;22
9521;revolunet;2;22
36486;paulmillr;1;22
49123;PascalPrecht;2;22
80874;surjikal;1;22
83017;lanceharper;2;22
96150;bzalasky;3;22
397725;danielfeelfine;2;22
630373;gsklee;1;22
911953;dotCypress;1;22
1157930;isaacchansky;1;22
2000880;alexeyraspopov;1;22
2023269;ZachSitler;5;22
2291745;tunnckoCore;7;22
2700711;stevelacy;8;22
2920633;pierissimo;4;22
3337680;kevinsproles;8;22
3715423;arthurvr;8;22
3846697;mertkahyaoglu;10;22
7026520;suyash;6;22
75956;phawk;1;22
96026;apeace;1;22
119392;loklaan;1;22
3353844;aleclarson;3;22
7885550;mxstbr;10;22
686;insin;1;22
2207678;desiredpersona;4;22
15407;MrDHat;1;22
18432;avalanche123;1;22
1007334;gcochard;4;22
2382918;ursooperduper;1;22
1003;mmalecki;1;22
1954;visionmedia;1;22
3620;kaiquewdev;1;22
9326;juliangruber;2;22
17413;chjj;1;22
18886;Southern;1;22
73646;cronopio;1;22
134626;FB55;3;22
459410;framp;2;22
1928125;zheng1;6;22
54973;malaterre;4;22
1980;erickt;3;22
2963;killerswan;2;22
3049;gmcabrita;1;22
3287;olsonjeffery;2;22
3301;orftz;1;22
3328;burg;1;22
3618;rapha;2;22
3668;hatahet;2;22
36640;itdaniher;7;22
46132;joaoxsouls;2;22
49705;limeburst;2;22
97774;osaut;2;22
100881;wanderview;5;22
105574;rntz;1;22
239142;thestinger;1;22
320086;luisbg;7;22
1059949;leonkunert;2;22
1447011;Siosm;5;22
1465156;ndr-qef;4;22
1561750;samebchase;2;22
1736164;Heather;4;22
2261820;japaric;7;22
2321847;jakub-;7;22
3341636;aochagavia;7;22
651;passy;1;22
873;ttaubert;2;22
41628;evilpie;3;22
201551;MichaelKohler;3;22
232765;nickdesaulniers;2;22
308889;brandonw;5;22
685646;formula1;3;22
1009782;darnuria;4;22
1373431;mattcarberry;2;22
2407877;shidel-dev;7;22
2924192;hyunjunekim;8;22
3189691;amilajack;9;22
31977;syoichi;1;22
167577;lpy;1;22
841624;malud;2;22
3741;kevinsawicki;3;22
17871;pfeiffer;3;22
22627;shirish87;2;22
39627;bilalq;3;22
76103;lkorth;4;22
83588;aanoaa;2;22
98158;mkuprionis;3;22
101551;tarebyte;1;22
124159;sleekweasel;1;22
148069;matthewmichihara;1;22
659762;NanJingBoy;1;22
1890895;mitogh;5;22
2047851;abhinavraj;6;22
2085496;sweetvvck;5;22
2624419;cirocosta;5;22
3412856;wenwei1202;9;22
1104197;soyuka;1;22
1881143;mxpln;5;22
2808;hij1nx;1;22
3556;ramitos;1;22
14144;bahamas10;1;22
57695;mmoulton;1;22
64274;Soarez;1;22
84218;skaslev;1;22
111902;twolfson;2;22
770444;mihai-chiorean;3;22
992;saghul;1;22
1568;qmx;2;22
6396;tjfontaine;2;22
6442;langpavel;2;22
9961;mhart;1;22
10058;shama;1;22
11961;fengmk2;1;22
17903;arlolra;2;22
23250;mafintosh;1;22
36468;michaelnisi;1;22
36687;fsbdev;1;22
36692;Skomski;1;22
52280;ritch;4;22
108060;jacobgroundwater;4;22
108366;coderhaoxin;1;22
116609;wankdanker;1;22
195898;skenqbx;1;22
407104;skeggse;1;22
750667;michaelsanford;2;22
778548;danielrohers;2;22
779141;caitp;3;22
1032533;rhgb;1;22
1236618;Nicolab;2;22
1260644;prometheansacrifice;4;22
1860911;huxingyi;5;22
1940619;3y3;5;22
1946887;austo;3;22
2127140;JLHwung;5;22
2133265;crzidea;6;22
2807710;plafer;8;22
3043875;martinkuba;7;22
3732347;liveinjs;5;22
3779158;kauegimenes;10;22
3875374;stringparser;10;22
3921910;a0viedo;3;22
5946431;etiktin;6;22
6252488;BridgeAR;11;22
6772184;Amir-61;13;22
8317694;daniel-pedersen;14;22
3460;pyrotechnick;1;22
4810;No9;1;22
10488;maxogden;1;22
19640;twilson63;2;22
45211;tangledhelix;2;22
67864;hughsk;1;22
106406;bjouhier;2;22
7021927;zotherstupidguy;13;22
355;christkv;4;22
6091;jney;1;22
6400;TooTallNate;1;22
137255;jonnyscholes;2;22
164119;elmerbulthuis;2;22
932682;hertzg;2;22
4073;sahat;1;22
6070;hkdobrev;1;22
24233;shairez;1;22
46271;pkozlowski-opensource;1;22
48165;killmenot;1;22
136389;SuperSkunk;1;22
228837;plestik;3;22
244716;mzgol;2;22
308073;kentcdodds;1;22
594417;nishp1;2;22
812025;RoyLING;3;22
931183;christian-fei;4;22
1050674;guyellis;3;22
1144421;stephenplusplus;4;22
1460500;jondlm;5;22
1621426;tylermcginnis33;4;22
1874717;jamestalmage;6;22
1882061;yordis;6;22
3121707;Basemm;1;22
3182167;demisx;6;22
4755982;alex20465;6;22
8469122;colindevs;14;22
31116041;m98;10;22
2259;darwin;1;22
73788;rdodev;3;22
134802;fcsonline;1;22
149607;adrianlee44;3;22
208679;alonisser;1;22
572655;bitwiseman;3;22
745611;tychio;1;22
934572;ceoaliongroo;4;22
959451;jsdevel;4;22
961700;4kochi;2;22
988004;greengerong;4;22
1835438;Morantron;5;22
3444046;9Y5;2;22
509918;chmanie;3;22
869152;robinboehm;1;22
1049755;dotch;2;22
3784222;vedatmahir;8;22
963;bnoordhuis;1;22
14005;shigeki;5;22
73329;moises-silva;3;22
73897;piranna;6;22
201200;geertj;5;22
2832618;orangemocha;2;22
80;chrisjaure;1;22
8298;alejandromg;1;22
8952;Filirom1;2;22
9049;abernier;2;22
9972;nfriedly;2;22
12372;alexindigo;1;22
13524;ForbesLindesay;2;22
17159;marcelklehr;3;22
17700;crickeys;1;22
18580;holic;2;22
18689;neekey;2;22
18749;mintplant;1;22
19076;JacksonTian;1;22
19849;davidwood;3;22
20472;dscape;1;22
21503;tomByrer;1;22
23402;hemanth;1;22
29402;dylan;1;22
29727;mikemorris;1;22
30103;jasonkuhrt;1;22
31203;gigafied;1;22
50952;Marsup;2;22
54227;henrikhodne;4;22
60188;adjohnson916;1;22
74661;robdodson;1;22
75324;jonathanong;1;22
78679;FLYBYME;1;22
80584;coderaiser;1;22
88607;thick;1;22
96169;juice49;1;22
100212;shovon;1;22
102745;fedot;3;22
117586;listochkin;4;22
118090;andresgottlieb;4;22
123353;travishorn;1;22
124977;SlashmanX;4;22
130881;doortts;2;22
136633;AvnerCohen;1;22
144309;refack;1;22
158695;eldargab;1;22
160844;regality;2;22
166646;SirR4T;3;22
168733;nickjj;2;22
168754;mattness;2;22
168856;SuperShabam;1;22
168941;CMTegner;1;22
169008;jryans;1;22
195918;anthonywu;1;22
209262;m90;2;22
209504;krasimir;2;22
307812;jameskmonger;3;22
317805;blai;2;22
488159;insanehong;1;22
513790;derekpeterson;1;22
566757;ashaffer;2;22
648005;razzius;3;22
734898;jmeas;3;22
747590;floydpraveen;3;22
826213;streetlight;1;22
862366;vvision;4;22
884982;es128;2;22
916626;CatTail;2;22
962103;mooyoul;3;22
985923;Lapixx;2;22
1014624;treelite;1;22
1092224;jorgebay;4;22
1123847;zerobase;1;22
1329154;naoufal;2;22
1398330;lhecker;3;22
1527499;darul75;3;22
1819909;robmuh;5;22
1841124;paulocesar;4;22
2019987;jaxgeller;6;22
2052962;chunpu;6;22
2223989;vohof;6;22
2738214;TrySound;8;22
2765137;janaspage;6;22
2832692;szdavid92;8;22
2930749;sirhodes;7;22
3133011;natemcmaster;4;22
3266217;Accommodavid;9;22
3382184;fritx;9;22
3407005;zwhitchcox;6;22
3509026;MichaelQQ;6;22
3791751;faiqyou;8;22
3807624;BerkeleyTrue;9;22
3929715;craigmichaelmartin;9;22
4926920;rengokantai;6;22
5090030;soliury;7;22
6213068;h7lin;5;22
6503757;yursha;7;22
7103262;tabone;7;22
8258229;mapsam;3;22
10527288;nirajkaushal;11;22
30354299;fene;8;22
303;Marak;1;22
27553;hnakamur;2;22
55662;josher19;2;22
63463;AndreasMadsen;1;22
82185;caasi;3;22
3448;DamonOehlman;1;22
9782;pbouzakis;1;22
51735;jacques;1;22
61450;leeight;1;22
136129;pooyasencha;3;22
1293;sym3tri;2;22
208116;mrfoto;6;22
1257129;rgbkrk;3;22
2907;elliottcable;2;22
9293;voxpelli;1;22
9779;domenic;1;22
24431;neonstalwart;1;22
36477;geraldalewis;1;22
99314;Neil-Smithline;2;22
166077;clarkbw;6;22
1058;Kami;1;22
1368;carlos8f;3;22
3082;killdream;2;22
3596;guileen;2;22
5800;bfirsh;3;22
7736;JustinCampbell;1;22
11952;twalker;3;22
18930;shtylman;2;22
18965;pahen;2;22
22693;shimaore;3;22
22743;nnnnathann;3;22
24612;jeremyckahn;2;22
24624;nathanpalmer;1;22
29662;joeyespo;1;22
29997;elving;3;22
33432;zaphod1984;1;22
35123;ricardobeat;3;22
35136;dambalah;1;22
36560;kitcambridge;2;22
39559;rvagg;2;22
40234;adrianolaru;1;22
52203;zzen;3;22
54278;granteagon;3;22
56364;aq1018;2;22
56748;ajoslin;3;22
63689;joeybaker;2;22
66106;jacobrask;1;22
69114;Weltschmerz;2;22
77784;stonephp;1;22
80717;halhenke;1;22
90479;yyfrankyy;3;22
93962;bencevans;1;22
95312;JamesS237;1;22
96123;RobertWHurst;1;22
96128;goddabuzz;1;22
96171;lupomontero;2;22
101889;jrschumacher;1;22
103131;leecade;1;22
107174;dominicbarnes;2;22
111392;inadarei;2;22
111792;magus;2;22
130477;netpoetica;3;22
132090;ahmednuaman;2;22
142049;youngjay;2;22
146907;frankyxhl;3;22
186775;olegskl;2;22
191295;chirag04;1;22
205838;piperchester;1;22
226894;glortho;3;22
228648;jkroso;2;22
240517;cycomachead;1;22
243508;hippipp;1;22
246537;valllabh;1;22
259551;Justineo;2;22
302697;AVVS;2;22
425866;rhyzx;2;22
438872;booxood;3;22
454672;aynik;3;22
566373;austinpray;3;22
595871;bfred-it;1;22
631153;materliu;2;22
670205;jden;1;22
672725;XescuGC;1;22
682464;limdauto;3;22
729407;sudodoki;1;22
924330;MiguelCastillo;1;22
1107568;L8D;3;22
1315922;recursivefunk;4;22
1413015;pedrotcaraujo;2;22
1417787;zckrs;4;22
1447706;sethkrasnianski;3;22
1450824;fiws;5;22
1476952;denysdovhan;5;22
1482078;drFabio;4;22
1488325;bangbang93;5;22
1499229;megawac;5;22
1504640;phillipalexander;1;22
1627694;mereskin;1;22
1756836;agchou;1;22
1818091;wltsmrz;2;22
1842176;Bacra;5;22
1877859;gyson;6;22
1997268;Mickael-van-der-Beek;6;22
2291919;wuchangming;7;22
2450022;tjwudi;7;22
2559336;xcatliu;7;22
2700891;nuragic;1;22
2746659;theptrk;8;22
2760043;dmfilipenko;2;22
2849929;polynickglot;8;22
3318137;superkhau;2;22
3472830;johnheroy;8;22
3474264;ncthis;4;22
4478037;ThomasCrvsr;6;22
4868633;jamesanthonyferguson;9;22
6077888;tribou;2;22
9474864;vladgolubev;5;22
53849;robby;2;22
151024;danmactough;5;22
79368;vladikoff;1;22
89921;isaacdurazo;1;22
232330;kennethormandy;1;22
568202;sjml;3;22
4336023;RickyHan;10;22
1194;fixe;1;22
39310;cobyism;1;22
213985;jglovier;1;22
1902;bionicbrian;1;22
27447;nc;2;22
36568;CHH;1;22
37269;mlafeldt;3;22
131174;enriclluelles;1;22
423812;jeroenvisser101;3;22
1089066;codeblooded;4;22
1403402;MaffooBristol;5;22
1404656;AlexVPopov;5;22
2203197;yihangho;6;22
1779;paulirish;1;22
3631;soimort;3;22
8898;ixti;2;22
11978;michaelficarra;1;22
19532;LarryLv;2;22
26107;jescalan;1;22
48639;chrisfinazzo;1;22
167513;duksis;2;22
1308671;blbradley;1;22
1341655;oblakeerickson;1;22
176267;anthonyjsmith;2;22
263201;famousgarkin;1;22
1537253;alexgurrola;5;22
1544623;juthilo;5;22
1726901;crispen-smith;3;22
2386186;AndrewSouthpaw;7;22
36752;lalitkapoor;2;22
61848;davidkaneda;3;22
8814;benatkin;1;22
157161;NathanRSmith;1;22
109;jfirebaugh;1;22
21370;tmcw;1;22
21653;drewda;1;22
4122;boourns;3;22
26395;tobi;5;22
339372;aj0strow;6;22
483067;fw42;3;22
1178806;isha;6;22
1565;josh;1;22
2391;felipesabino;4;22
2990;jreading;1;22
3730;derickbailey;1;22
4751;detj;1;22
6224;jtmkrueger;3;22
10903;palmerj3;3;22
10910;borracciaBlu;3;22
11916;sirlantis;1;22
15954;thetimbanks;1;22
17408;stereobooster;1;22
20069;kbjr;2;22
22590;alxndr;2;22
25472;amasad;1;22
26264;BYK;1;22
26292;lucasmazza;1;22
26426;coliff;1;22
26463;juliemr;3;22
29954;flaviozantut;1;22
35073;morficus;1;22
35719;maksimr;2;22
38773;jking90;1;22
49120;p-j;1;22
51996;parkr;1;22
61111;SonicHedgehog;2;22
61526;YAmikep;3;22
63957;mvasilkov;2;22
66904;UltCombo;3;22
72102;gcpantazis;1;22
72319;vovik;1;22
76532;chrisabrams;1;22
80044;GlobalDomestic;1;22
83592;sonicradish;3;22
84011;sivakumar-kailasam;1;22
91923;ciceropablo;3;22
95317;uniqname;2;22
96178;trabus;1;22
96396;thejameskyle;1;22
105988;Florian-R;1;22
116337;abiyasa;2;22
120299;Aaunel;1;22
122203;aheuermann;4;22
124235;Codebryo;2;22
126821;fabianrbz;1;22
128657;spenceralger;1;22
129526;bevacqua;1;22
148550;kuatsure;2;22
152215;slavapavlutin;3;22
174847;RadLikeWhoa;1;22
182156;askhogan;1;22
184862;johnnyfreeman;3;22
185922;mattg;1;22
193794;daphotron;2;22
193815;kevinSuttle;2;22
208636;bendman;1;22
208691;tamagokun;1;22
208892;bmac;2;22
209053;vermilion1;2;22
266619;kestutis-stalmokas;3;22
311830;dhritzkiv;1;22
322105;javiercejudo;1;22
401206;rajzshkr;1;22
473060;JakeChampion;1;22
493294;VitaliyR;3;22
587864;gustavnikolaj;1;22
623153;romamatusevich;1;22
634248;JeremyCarlsten;3;22
672357;ofalvai;2;22
738733;sateffen;3;22
760728;simoami;3;22
767215;qivhou;1;22
781565;HHSnopek;3;22
827491;bezoerb;2;22
837070;Magalhas;1;22
855943;acauamontiel;3;22
885119;pwang2;1;22
889388;williamscs;1;22
930081;philippsimon;4;22
975712;pixelheresy;4;22
1034537;cettox;4;22
1078132;ramswaroop;4;22
1168849;matheusazzi;4;22
1168877;Anubh;4;22
1177793;stevermeister;1;22
1200952;vkurchatkin;4;22
1279783;pvolok;3;22
1459188;guisouza;4;22
1544601;jannypie;5;22
1547151;mdxprograms;2;22
1596702;kekee000;5;22
1621788;threeday0905;5;22
1678496;jhauraw;5;22
1738171;jshawl;5;22
1757920;binoculars;5;22
1815988;arypurnomoz;5;22
1873166;vincecoppola;6;22
1990087;bricejlin;6;22
2048669;jonmunson;5;22
2081571;cmisenas;5;22
2131038;diegocasmo;6;22
2141080;khashayar;6;22
2363596;levithomason;7;22
2513611;tsertkov;7;22
2587222;adictovirtual;6;22
2818311;alexcameron89;8;22
3100519;bbuecherl;8;22
3122390;denar90;8;22
3122863;aaronraimist;8;22
3291606;devWayne;9;22
3462469;gangsthub;9;22
3493873;yanghuabei;9;22
3499438;vernondegoede;8;22
3533889;Arkni;9;22
4025436;thaerlabs;1;22
4340192;benhalverson;10;22
6109298;yavorsky;1;22
6182935;oskarcieslik;9;22
6336630;AnthonyBobsin;12;22
7153443;elgubenis;10;22
8275882;luhad;6;22
8309977;tsm91;6;22
12553137;tHBp;16;22
9984;reconbot;3;22
13525;slaskis;2;22
31245;damassi;1;22
34389;aheckmann;1;22
53131;cistov;2;22
84797;santigimeno;3;22
2655875;ChetHarrison;7;22
92464;neeee;2;22
10;mcollina;1;22
2966;Swatinem;3;22
12744;rmariuzzo;1;22
18570;nulltask;1;22
21499;nrako;1;22
29482;ghostbar;1;22
35300;fabriziomoscon;3;22
54816;pgherveou;1;22
88794;vjpr;1;22
92103;ryanrolds;1;22
99950;nacho4d;2;22
120905;afshinm;3;22
168160;euoia;1;22
168698;Enome;1;22
186739;humanchimp;1;22
226553;antialias;3;22
268995;pesho;2;22
288793;kevindente;4;22
1310338;kevin-roark;5;22
1471543;Raulmsm;5;22
2385699;tico8;7;22
2831;alco;1;22
63278;lgierth;2;22
130575;Florent2;1;22
176697;elvanja;3;22
3307455;inthecloud247;2;22
446;Fodi69;2;22
2001;peters;1;22
2316;d2s;1;22
4127;tombell;3;22
6066;malixsys;2;22
6258;necolas;3;22
6288;ianstormtaylor;1;22
6453;stream7;1;22
6931;fanzeyi;2;22
9080;koenpunt;3;22
14957;keithamus;3;22
16065;jonschlinkert;1;22
16281;Crunch09;2;22
18156;meritt;2;22
19049;freewil;1;22
19060;silvinci;3;22
21882;christopherobin;2;22
22383;ibash;1;22
23275;visnup;1;22
23709;riadhchtara;1;22
25429;jokull;1;22
30794;noformnocontent;1;22
32952;gorillamania;2;22
33962;qjcg;1;22
35944;mcicoria;1;22
36483;isakb;3;22
36590;nvartolomei;1;22
39495;kpdecker;3;22
41509;albertoleal;2;22
41747;othiym23;1;22
44213;sankha93;2;22
44764;focusaurus;2;22
45481;piuccio;1;22
48700;larzconwell;1;22
49959;joskuijpers;7;22
56488;blakeembrey;2;22
64222;olid16;2;22
68067;rcotter;3;22
69721;bobbydavid;2;22
70224;TheHydroImpulse;1;22
77789;ktmud;1;22
78768;LinusU;2;22
80759;aliem;3;22
98097;Devric;3;22
106436;eknkc;1;22
109492;brainafk;2;22
127740;gustavohenke;3;22
136392;island205;1;22
148885;voz;2;22
162620;joesepi;1;22
163235;ahomu;4;22
163430;JamesMGreene;1;22
163730;daemon1981;2;22
167642;clatour;5;22
168391;vinc;1;22
168396;alpercelik;1;22
168464;jiaweihli;1;22
168511;suprememoocow;1;22
168591;joshlangner;1;22
168711;cobbweb;2;22
168743;kenglxn;2;22
168744;ericmatthys;1;22
168847;nebjak;2;22
168860;nailgun;5;22
168923;Siyfion;3;22
168929;LoicMahieu;1;22
168948;twojcik;1;22
178535;chenboxiang;1;22
186069;punchFaceChamp;3;22
203096;AnthonyAkentiev;2;22
222743;jisaacks;1;22
225828;exclsr;3;22
243331;jstuckey;1;22
244119;smazurov;3;22
375069;jseip1679;3;22
391067;sbrekken;3;22
401089;devknoll;1;22
420076;derekdreery;1;22
762078;derekchiang;1;22
836391;darrrk;2;22
855051;nkzawa;2;22
935904;kupriyanenko;4;22
936750;edinella;4;22
1183289;davidcheung;2;22
1246833;pipi32167;1;22
1487171;yuhei-a;5;22
1639432;quyatong;4;22
2008780;pierreinglebert;6;22
2541580;yosssi;1;22
2808465;ilmeo;5;22
3050972;jonmorehouse;1;22
3183400;gzzhanghao;7;22
3296681;david-davidson;9;22
4899314;revelt;11;22
545;fawek;4;22
27673;lfairy;1;22
44852;swanson;1;22
65770;kini;8;22
160059;jvns;8;22
201236;jhckragh;2;22
427398;anemator;6;22
304;jdavis;1;22
2891;fzzzy;1;22
4013299;Lucy;2;22
4308361;michaelsproul;6;22
3074;grahame;1;22
4541;jiyinyiyong;1;22
110105;bcully;3;22
12032;jmendeth;2;22
872;pcwalton;2;22
61019;sqs;6;22
74364;dchest;5;22
166401;hoelzro;2;22
1721546;bruston;5;22
777;frewsxcv;1;22
2080;jdm;2;22
9333;Benvie;2;22
15740;fitzgen;1;22
77595;azu;1;22
1131212;nkcmr;2;22
1804686;schaars;5;22
2879428;briandipalma;2;22
453275;csherratt;1;22
1981;graydon;5;22
158102;mletterle;8;22
211657;michaelwoerister;5;22
737815;RickEyre;7;22
6548027;KiChjang;5;22
6938;osa1;1;22
25578;dvberkel;1;22
1018143;TudorCampean;3;22
1399149;ZombieHippie;4;22
1660737;fay-jai;4;22
2060132;marcominetti;6;22
2446988;charmander;2;22
4673463;ceg1236;11;22
4998169;kaicataldo;9;22
7151365;ehjay;13;22
14348;wrl;3;22
11734848;echavezNS;17;22
181718;akoenig;5;22
178519;pathawks;7;22
4942483;FuzzySockets;9;22
3179;bcomnes;1;22
1343943;richardpringle;5;22
2666016;vepasto;7;22
15383;fukayatsu;2;22
15527;hail2u;1;22
75543;niedzielski;1;22
2738;Constellation;2;22
122339;badsyntax;4;22
86854;brianmhunt;2;22
96783;outsideris;6;22
439;okuryu;2;22
18898;atsuya;1;22
100787;andreypopp;1;22
104633;heavyk;1;22
946500;stereokai;4;22
1530060;ikarienator;1;22
2571932;vramana;4;22
25997;cndreisbach;1;22
30225;nhunzaker;1;22
69505;Swaagie;2;22
120944;mrjoelkemp;2;22
2522079;skypjack;2;22
93748;bak;6;22
41738;cdent;4;22
127044;jspiro;4;22
3164;gfx;1;22
172487;kui;2;22
1680333;tkhr;6;22
3080;creationix;2;22
36481;bitmage;5;22
83280;paultyng;1;22
197426;micahjohnston;4;22
15783;saintedlama;1;22
2245366;beardtree;2;22
97914;doy;4;22
3563;gkz;1;22
165134;wakandan;7;22
674085;ChristianBundy;1;22
249830;GXTX;1;22
13567;gsf;1;22
19190;meteormatt;3;22
23390;losingkeys;3;22
35758;lvivski;1;22
37157;yuanchuan;1;22
43608;kapouer;3;22
77870;theabraham;1;22
114727;gkorland;2;22
128588;indutny;1;22
134724;sailxjx;4;22
137285;emgeee;1;22
141756;ahazem;3;22
150177;dokipen;1;22
1942814;mjswensen;1;22
2233614;pjump;5;22
3968152;gnerkus;4;22
4796;chrisdickinson;2;22
133444;ljharb;1;22
188283;polm;6;22
474231;joneshf;7;22
1199;substack;1;22
18894;jared-stilwell;4;22
25655;eddiemonge;2;22
35437;leobalter;1;22
69994;JayBeavers;2;22
75612;iros;2;22
86889;Buritica;4;22
95446;yiminghe;1;22
101212;KevinTCoughlin;2;22
113904;Hanul;1;22
244809;matthopson;2;22
274222;marcoscaceres;2;22
1772;hornairs;1;22
48328;kachick;1;22
3529078;yousefhamza;5;22
365553;PaulVI;2;22
158504;ando-takahiro;1;22
68700;haru01;7;22
74151;banyan;1;22
49119;nrn;1;22
102360;frankhale;6;22
3909;ghempton;1;22
80683;aturon;3;22
3622;pose;2;22
150604;mandric;1;22
354317;MauriceButler;6;22
144292;olalonde;1;22
88201;Aatch;6;22
104239;HeroesGrave;3;22
108399;luqmana;5;22
175664;ozkriff;1;22
402270;RommelVR;3;22
1417985;pczarn;5;22
1824951;huonw;6;22
2578684;nstoddard;7;22
2995909;musitdev;7;22
22748;drudge;4;22
34531;OliverJAsh;1;22
161540;matthewp;1;22
2100344;eugeneware;1;22
989;cburgdorf;2;22
2904;goatslacker;1;22
2994;clkao;3;22
141540;quarterto;1;22
1254656;hakatashi;4;22
542;iki;2;22
2678;d3m3vilurr;2;22
8339;alanhamlett;1;22
20418;Zearin;1;22
24069;johtso;1;22
137773;joelcox;1;22
278127;matthewlmcclure;3;22
962575;globin;1;22
1188376;MonsieurV;2;22
1226634;maxcnunes;4;22
1553994;willingc;4;22
1974581;kevgathuku;5;22
2019827;ceclinux;4;22
2296317;bionikspoon;7;22
4431938;levlaz;10;22
5668252;mehdisadeghi;4;22
10423039;azbshiri;16;22
71262;dciccale;1;22
134394;gkatsev;6;22
32322;jsw0528;1;22
70512;cironunes;2;22
97533;jcemer;3;22
37604;cesutherland;1;22
457321;stormslowly;3;22
704573;summivox;2;22
30908;jgautier;1;22
32414;luis-almeida;2;22
870467;kjvalencik;4;22
1680763;commenthol;4;22
1714;amccloud;3;22
4709;tauren;1;22
9479;pixelhandler;1;22
11788;dannguyen;1;22
16084;bruno-c;2;22
29387;geekdave;2;22
36754;molily;1;22
44541;ammeep;2;22
48442;sublimino;3;22
53400;bmaland;1;22
72544;mbriggs;2;22
78576;teleological;2;22
83113;redsquare;1;22
93920;craigspaeth;1;22
95619;JoshuaIRL;3;22
286354;jamesmanning;2;22
286355;jmav;2;22
415315;ccamarat;2;22
1550520;kzhaokol;1;22
2198902;erikahlswede;6;22
2425353;lukesargeant;6;22
129693;arthurnn;1;22
896;JakeWharton;3;22
5316891;swolfand;5;22
4203;michael;1;22
13532;ButuzGOL;2;22
14235;jeromegn;1;22
20644;blissdev;2;22
57188;karbassi;2;22
94900;oconnore;2;22
133080;cbas;3;22
98656;relsqui;2;22
388;kjbekkelund;2;22
5305;mathiasbynens;1;22
6392;Ore4444;3;22
7169;kmalakoff;2;22
14637;mklabs;1;22
14907;nervetattoo;3;22
24182;DimitarChristoff;3;22
26554;johanbove;2;22
32731;robertkowalski;2;22
33495;xuhdev;1;22
89908;thanpolas;2;22
100781;ericduran;5;22
190180;sleeper;4;22
374872;daemonl;4;22
402770;nDmitry;3;22
576009;wibblymat;3;22
696180;chriscasola;3;22
1053056;ahumphreys87;4;22
1261618;ZDroid;4;22
1792584;chestnutchen;4;22
1847214;junmer;5;22
1911913;ruben1;6;22
2317752;jgladch;5;22
2504309;jackhsu978;7;22
2900650;demidovakatya;8;22
3538598;xiaoyu2er;9;22
3911929;HyunSeob;9;22
4508442;fabschurt;10;22
6150564;natebass;9;22
7127146;tomseph;13;22
7303709;greguz;13;22
7648387;jhwohlgemuth;9;22
10731794;EmmaRamirez;6;22
10753575;doug-wade;5;22
11171026;jshen212;15;22
11298292;nsgonultas;17;22
947;leon;2;22
59216;raggi;2;22
171655;alanandrade;3;22
178139;tomsugden;1;22
709854;jacobq;3;22
3917;indirect;2;22
44090;stephank;1;22
60384;afeld;1;22
65422;jayferd;2;22
109416;HorX;1;22
140494;awaterma;4;22
142585;pmq20;1;22
199204;bwillis;3;22
248243;BlaineSch;4;22
315393;roelvanduijnhoven;4;22
340681;ernsheong;1;22
511002;elwayman02;1;22
937121;ayastreb;4;22
1269147;amanattou44;4;22
1403703;Ken123777;5;22
1409265;theodorejb;4;22
1974770;terribleplan;6;22
13309086;ryanstreur;18;22
358838;machty;4;22
8073;kyanny;1;22
11346;KensoDev;1;22
259588;Ch4s3;3;22
947883;RochesterinNYC;1;22
17873;mindscratch;2;22
139011;rgksugan;2;22
1672862;romankl;2;22
1694029;lei-clearsky;5;22
7354856;dijonkitchen;13;22
267860;jdkanani;2;22
564860;criloz;1;22
838513;greaterweb;2;22
1501167;HenryGau;4;22
3127729;svnieuw;3;22
7374515;ORESoftware;13;22
789013;eapache;2;22
1601746;pushrax;6;22
8042;zeke;1;22
8259;guybrush;1;22
18719;mikolalysenko;1;22
83660;meeDamian;2;22
53198;mitar;2;22
1327;donpark;2;22
7526;laktek;2;22
35467;jlank;1;22
73060;ryanramage;2;22
96255;niallo;3;22
29081;mbest;1;22
77741;pwmckenna;1;22
174178;coridrew;1;22
460915;tur-nr;3;22
2066465;AdamWillden;6;22
9888;lepture;2;22
50522;heroicYang;3;22
1875309;ipy;3;22
42533;reggi;1;22
61275;wraithan;2;22
186954;braz;3;22
3708;jsyeo;2;22
36496;itrelease;1;22
97449;nikhilm;1;22
133141;chrisirhc;1;22
4608;ndbroadbent;2;22
37636;strand;2;22
75273;drichert;2;22
1769467;fniephaus;3;22
3575;Frozzare;1;22
7082;satazor;3;22
9199;Alfredo-Delgado;4;22
32951;karellm;1;22
42057;bendavis78;3;22
44490;jsoverson;1;22
116506;phated;3;22
122971;zhuochun;1;22
209456;dennis-g;2;22
246541;irnc;2;22
753206;igorlima;2;22
934669;saunders99999;4;22
2478556;zgl2007dj;7;22
2895506;NerdcoreSteve;7;22
29240;sheerun;2;22
29876;zzolo;1;22
33442;drublic;1;22
64079;cmcculloh;3;22
71957;kahlil;1;22
238176;willpracht;2;22
281338;kt3k;2;22
450827;carldanley;1;22
865561;rgaskill;4;22
1527840;beeeswax;5;22
4354;gasi;1;22
16506;conradz;3;22
36719;sanrodari;2;22
38510;SamWhited;1;22
38629;ryanve;1;22
42527;deoxxa;1;22
44949;JacopKane;1;22
50804;EvanHahn;3;22
91911;sethetter;3;22
177949;aaronsnoswell;1;22
178174;samuelcole;2;22
371385;iaman;3;22
395446;MeoMix;1;22
674063;y-lohse;3;22
852557;symmetriq;4;22
916447;shakirullahi;2;22
2206804;adrianblynch;6;22
2838075;antonk52;8;22
3577221;PacciniBruno;9;22
10095784;jrdb;10;22
10160;VanCoding;1;22
170823;mrose17;1;22
228327;nmccready;1;22
46314;tivac;2;22
150688;rfw;3;22
19932;BigBlueHat;2;22
10689086;packtpartner;19;22
1161;erikvold;2;22
2069;eriwen;1;22
2213;pornel;2;22
3443;yangsu;2;22
10582;JIoJIaJIu;1;22
26250;blowsie;3;22
33228;timmywil;1;22
33237;mikesherov;1;22
47475;saxamaphone69;2;22
56438;Kaelig;1;22
65260;kud;1;22
110421;davidmurdoch;3;22
129489;boennemann;3;22
193703;nicjansma;1;22
557373;verpixelt;2;22
2983875;greenify;6;22
6185288;geoff-codes;5;22
317738;calendee;1;22
6679;penberg;2;22
68929;StanAngeloff;2;22
201160;hristozov;1;22
48128;KenanY;2;22
80901;Rob-ot;2;22
17374;superjoe30;1;22
7131;nb;2;22
8912;henrik;1;22
17482;misfo;3;22
23978;mkomitee;5;22
28732;liufengyun;2;22
41603;udp;2;22
61902;tomjakubowski;3;22
133595;sukima;2;22
143347;bouzuya;1;22
145621;sieben;3;22
165602;lasseebert;4;22
184784;mdi;1;22
204864;wadetandy;1;22
242118;dillonforrest;2;22
270325;Kontakter;1;22
636645;abroder;1;22
789662;ryanburnette;3;22
958243;kelvinst;4;22
1077067;kevinushey;3;22
1432667;jacobthemyth;2;22
1498724;edi9999;3;22
1795749;rgawdzik;3;22
2318973;ChuntaoLu;7;22
2575925;oxnz;1;22
2606476;eugen0329;7;22
3249585;bogdanvlviv;9;22
3267196;joseph-onsip;9;22
3379260;gypsydave5;7;22
8224427;5car1z;11;22
10482934;josephfrazier;9;22
256573;rrevi;1;22
24358;mridgway;2;22
27771;Ask11;1;22
93594;lvivier;2;22
106016;Fishrock123;6;22
6835512;bchr02;12;22
70617;ForNeVeR;1;22
109653;crazysim;4;22
243638;rutkovsky;5;22
6405847;madnight;12;22
90120;yosefd;2;22
130260;klausbayrhammer;1;22
152224;navaneeth;2;22
5993;MatthewMueller;2;22
25489;thomasdavis;1;22
64994;samsonjs;5;22
74503;morenoh149;1;22
1031138;SylvainCorlay;3;22
7130;jrolfs;1;22
9281;nfm;2;22
12548;mgolawala;1;22
15266;gravof;2;22
17401;aeosynth;3;22
18556;yyx990803;2;22
23150;CoolGoose;4;22
24857;darthdeus;2;22
33913;kennym;1;22
36757;nibblebot;2;22
38694;torifat;2;22
41775;unindented;1;22
44562;pdufour;2;22
63668;loris;2;22
78608;Saturate;4;22
82645;emorikawa;1;22
84096;olanb7;2;22
92456;Sitebase;2;22
96708;bolasblack;2;22
108349;dead-horse;1;22
131734;unbalanced;3;22
136706;tony;2;22
137850;theinterned;1;22
156099;mocheng;1;22
180986;moimikey;1;22
208057;jasonbellamy;2;22
209551;rdumont;1;22
209787;stephanebachelier;3;22
239959;talrasha007;1;22
304996;mycoin;2;22
420385;timdp;1;22
948315;YAndrew91;4;22
1132538;superbiche;4;22
1701514;strwind;3;22
1738441;jeremenichelli;5;22
3691844;oddurs;10;22
5547304;datyayu;9;22
5772132;loctauxphilippe;11;22
8323637;alfredmyers;14;22
22909;fabiomcosta;1;22
24569;elidupuis;4;22
44167;anthonyshort;2;22
67752;paulrobertlloyd;2;22
118961;thinkxl;2;22
189239;wuxq;2;22
193641;pascalduez;2;22
221366;adius;1;22
231862;Torthu;1;22
388963;nhall;2;22
12338342;iRockyZhou;18;22
954964;zarkone;2;22
11222;treygriffith;1;22
160767;smerchek;1;22
59538;faceleg;1;22
68080;wpreul;1;22
80197;tomgco;2;22
222994;nazomikan;5;22
430974;forivall;1;22
4226834;cydjudge;10;22
8938;mjijackson;2;22
36493;devongovett;1;22
109929;bryandragon;5;22
474168;tenorok;1;22
8148647;zartdinov;6;22
39295;chowey;1;22
124574;itay;1;22
264561;skepticfx;1;22
271382;runk;6;22
17597;jesusabdullah;1;22
51079;oncletom;1;22
62810;MoOx;3;22
76392;vrinek;7;22
546952;kennyluck;5;22
1062117;errorrik;5;22
1530219;kainliu;6;22
1671153;leowang721;5;22
5916;yiwang;1;22
14956;herby;5;22
10732563;ezubarev;8;22
22747;XhmikosR;2;22
8986758;funkylexoo;13;22
94363;felixonmars;2;22
131550;lastland;1;22
29256;danielchatfield;7;22
32738;fhemberger;1;22
35468;svnlto;1;22
211794;neocotic;6;22
2607907;chiplay;1;22
56013;opensas;2;22
1892135;svennam92;5;22
86523;marcooliveira;1;22
528557;mokkabonna;7;22
3013345;evanjbowling;6;22
275615;ceejbot;5;22
103938;fibo;4;22
256714;cbhl;5;22
3626;sghill;2;22
4725;aoberoi;2;22
10933;Valve;1;22
17760;c9s;1;22
29651;javisantana;2;22
29869;japj;1;22
36472;paulyoung;2;22
36729;maxtaco;1;22
37748;jpillora;3;22
49848;petejkim;1;22
65340;alagu;2;22
80497;quartzmo;1;22
136493;egeste;3;22
140858;maxjacobson;1;22
141264;shuhei;2;22
164333;alloy-d;1;22
167787;jasonwoan;2;22
171272;jdaudier;2;22
185003;ioncreature;2;22
226979;arteg;2;22
237120;anthonymarion;2;22
243690;celwell;1;22
313288;xixixao;1;22
480224;ghprince;2;22
534595;crispgm;1;22
730774;ower89;3;22
809468;CorySimmons;1;22
1062834;createbang;4;22
1178384;pascalpp;1;22
1279716;vmkcom;3;22
1611133;msrose;5;22
1760740;dak0rn;5;22
2653438;charlespwd;7;22
4971676;Strangehill;8;22
6546593;existenzial;13;22
36737;hswolff;1;22
72327;aterris;2;22
185019;landau;2;22
25771;scribu;3;22
55716;evansolomon;2;22
49661;bcoe;2;22
99189;rtgibbons;1;22
2133546;fluxusfrequency;6;22
103078;brabadu;2;22
3135968;thewhitetulip;8;22
77391;fish2000;2;22
7865263;mhdawson;12;22
4978725;SpectrumPixel;10;22
125244;jmar777;3;22
2;jmettraux;1;22
6198895;feld;2;22
32280;olleolleolle;1;22
77154;JohnRiv;1;22
77869;bradoyler;1;22
2524838;shvaikalesh;7;22
35116;zipcodeman;2;22
1444857;Atul9;5;22
177771;mkautzmann;7;22
326098;jmorrell;1;22
1635;robin850;3;22
75927;jasonLaster;1;22
127338;gleber;1;22
291147;glaucocustodio;2;22
1969795;rafadev7;6;22
2089673;will118;6;22
2180373;BennyHallett;1;22
5525791;mabana;11;22
5641796;eksperimental;12;22
5930301;yzyzsun;12;22
15154;jgorset;1;22
617;brianloveswords;1;22
135914;coderguy;1;22
2075011;PeterDaveHello;5;22
128503;mikermcneil;5;22
1793601;prdn;5;22
1813441;hackedy;6;22
2856259;flashhhh;6;22
3886384;abenhamdine;10;22
6500140;acarl;4;22
212278;yamatt;7;22
18992;appleboy;1;22
242063;vasinov;1;22
88393;jedahan;5;22
3877;stevenbenner;3;22
195009;matthodan;4;22
25498;skiqh;2;22
646379;xizhao;3;22
9157953;idjem;13;22
19167;gr2m;1;22
44535;svetlyak40wt;2;22
140525;Blaisorblade;2;22
9931;kvz;4;22
3216668;TPei;5;22
23852;cweider;2;22
41559;spadgos;2;22
72164;h4rry;1;22
6426;taterbase;2;22
36705;DmitryBochkarev;4;22
127849;estliberitas;2;22
42345;ryanseys;1;22
302189;anotheri;6;22
2712409;defunctzombie;5;22
3234367;loay;3;22
9689;svallory;2;22
13714;chibicode;3;22
35842;TheAlphaNerd;4;22
120152;AlexanderEkdahl;1;22
159132;AndorChen;2;22
169740;CaseyLeask;1;22
198063;johnkhughes;2;22
198180;apodlaski;2;22
198355;badave;3;22
198360;piyush0101;3;22
967595;AlfredXing;4;22
1578576;Dillon-Benson;1;22
2150639;jordanthornquest;1;22
6077229;10by10pixel;7;22
21509;psyked;3;22
60396;RobLoach;1;22
212938;jasnell;2;22
61645;tylerball;1;22
372376;KenanSulayman;2;22
12123;Tatsh;1;22
1236160;freethejazz;6;22
173438;abutcher;1;22
243543;trabianmatt;2;22
27593;WolfgangKluge;1;22
143713;danielmoore;2;22
368668;ysmood;1;22
28274;wolfeidau;2;22
683478;seansoong;3;22
777663;stegrams;3;22
1200601;pflannery;2;22
48889;upsuper;1;22
116441;sjpsega;4;22
28183;bmeck;3;22
2119;renan;7;22
320263;bendrucker;2;22
90473;imlucas;2;22
1894639;camjc;6;22
30874;lazd;7;22
294220;RMTheCodeKid;5;22
303872;akre54;3;22
4743;smadhueagle;1;22
189072;armetiz;2;22
10070;uzyn;1;22
42831;ctalkington;2;22
59649;sokra;1;22
197105;DanLovesProofs;2;22
1368336;dininski;3;22
2975602;frankcash;8;22
2552;mbrubeck;1;22
122850;hurrymaplelad;7;22
96180;litek;4;22
7546;croaky;3;22
13111;jo;3;22
26775;stefanw;3;22
28295;oncemoreification;3;22
75174;tstrimple;1;22
118876;xtian;3;22
676696;bobjflong;3;22
796859;TravisPaul;3;22
934337;pluma;4;22
1811315;imurchie;4;22
35218;Daniel15;2;22
1159044;msikma;1;22
5563845;iamchenxin;11;22
206978;OniOni;1;22
1125143;leonardosouza;7;22
20450;campd;1;22
23330;kaero;5;22
32796;doochik;7;22
953285;andrewblond;3;22
13706;misham;1;22
1677697;agelber;3;22
12166;Harrison;2;22
7128;nullobject;4;22
14880;Krinkle;3;22
36768;DavidSouther;2;22
185342;j-san;2;22
36712;Radagaisus;3;22
2923350;tkelman;8;22
89974;Swatto;5;22
6671639;TheLucasMoore;12;22
107055;feiyunruyue;1;22
108353;yuest;1;22
160325;mengdesen;1;22
36462;davidchambers;1;22
36723;bkochendorfer;2;22
182384;meryn;2;22
39727;sreeix;1;22
222803;plumlee;5;22
136906;mingwandroid;2;22
635986;danielsiwiec;1;22
10840;hmarr;2;22
214246;alexmedearis;5;22
9364;meh;1;22
1595618;ExxKA;6;22
1084342;jfroom;2;22
37038;sorribas;1;22
1912;hallas;4;22
3142;charliesome;5;22
88280;emkay;8;22
1724508;walpurgisriot;1;22
14765;zcbenz;1;22
82258;dacap;4;22
117190;wangxian;4;22
349207;zhchbin;2;22
754257;kingFighter;3;22
1018901;kethinov;5;22
1184931;richardcypher;4;22
1278719;trevorlinton;4;22
1726406;yejingfu;5;22
1994427;gitchs;2;22
8019018;LeonardLaszlo;14;22
54589;nlogax;3;22
62882;redking;1;22
868924;andrenarchy;2;22
103172;benmills;3;22
7264930;vitaly-t;7;22
37800;masylum;4;22
51672;jeremyruppel;6;22
18214;tedeh;3;22
77258;nopnop;2;22
200568;igorzi;1;22
797465;myshov;3;22
1790812;rayshan;5;22
3736849;Rogerkael;9;22
436;taichi;2;22
20157;samccone;6;22
39283;stuartpb;5;22
289504;TimothyGu;1;22
1689104;thefourtheye;7;22
210177;timwis;1;22
3993524;rbrtmrtn;1;22
13577;mramato;7;22
929884;nathan7;4;22
1569;tekkub;3;22
564460;troyswanson;1;22
2788015;HaykoKoryun;4;22
3529803;tomjohnson1492;9;22
435028;KevinGrandon;5;22
520587;jgillich;8;22
966;chobie;3;22
823;lmorchard;4;22
3127;nuclearsandwich;1;22
3161;gbraad;3;22
62930;willnorris;1;22
962;bcantrill;2;22
30172;Contra;3;22
461532;huckphin;3;22
32626;miksago;1;22
92549;coen-hyde;1;22
2327612;pana;1;22
143784;chrisbank;1;22
3604;corpix;1;22
5008;byroot;4;22
49847;beastridge;3;22
231597;scott-w;3;22
2157;pje;3;22
65222;atomicules;8;22
14148;therealjessesanford;3;22
97064;mizchi;5;22
5091;cowboy;1;22
23254;naholyr;1;22
13063;rogerwang;2;22
1176774;owenc4a4;4;22
1729243;Septembers;5;22
2820712;leethomas;8;22
4340638;zengjialuo;10;22
52417;pzol;1;22
78808;moonglum;7;22
2729;ryan-allen;6;22
1161539;umeboshi2;4;22
1866928;davidjgoss;5;22
3057189;mvpspl619;7;22
47821;ahamid;2;22
5195;evocateur;2;22
84064;akshayp;1;22
19193;deanchen;2;22
50236;yuanmai;1;22
64098;TheFox;2;22
66696;willfarrell;2;22
89699;noazark;2;22
99819;brandonbloom;1;22
231009;baalexander;2;22
233018;crshnburn;2;22
296789;shamrin;2;22
642683;one-more-minute;3;22
669757;martinchooooooo;2;22
2380397;ISNIT0;7;22
2378;laiso;7;22
281777;jhabdas;1;22
178440;radium-v;3;22
2055019;matthew-dean;5;22
2595482;seven-phases-max;7;22
3020;espadrine;2;22
2040602;BergWerkGIS;6;22
273352;jbranchaud;4;22
15716;lukeapage;5;22
823005;gbedardsice;6;22
16472;stuartf;3;22
12803;txdv;1;22
20412;saper;1;22
49723;wallymathieu;1;22
32665;PedroLamas;1;22
2227468;stuartleeks;2;22
2801573;nycdotnet;5;22
19353;sarenji;3;22
26207;mil;2;22
3204;diogogmt;2;22
10672;agibralter;2;22
48296;igas;4;22
227858;pzula;2;22
1683734;JonahMoses;5;22
2613065;ivantsepp;6;22
3225214;kay-is;9;22
3812576;GuillaumeGomez;4;22
4660591;jamesrhurst;11;22
6244514;thelostt;11;22
155690;jerone;1;22
795060;RubyTuesdayDONO;5;22
29214;jnordberg;6;22
68153;chipx86;2;22
85643;ericanderson;4;22
110954;pdswan;2;22
207900;egirshov;6;22
71823;vampiricwulf;1;22
102235;ahodesuka;1;22
667608;mixxen;3;22
122067;CamShaft;3;22
239132;ykumar6;4;22
426100;leemunroe;4;22
20786;lackac;2;22
87122;linearray;2;22
316593;vmakhaev;3;22
440513;SLaks;5;22
702210;MaerF0x0;6;22
1461785;zag2art;5;22
80501;jeffbski;2;22
144864;deanrather;4;22
67707;richmarr;1;22
2856;carsonmcdonald;2;22
3860;lukaszkorecki;2;22
29128;zzak;2;22
159537;kompiro;1;22
4907669;bucaran;11;22
105192;racklin;1;22
190600;sillylogger;1;22
1322812;futekov;1;22
700261;pigulla;7;22
19998;chrisjlee;2;22
192416;jefflembeck;2;22
208;alexgorbatchev;1;22
1027315;hacfi;2;22
2054012;RomanovRoman;6;22
139174;ashtuchkin;3;22
59315;austinbirch;2;22
5398654;aaroncrows;11;22
11799234;IvanNIeto;16;22
22828;stefanocudini;3;22
3250952;gdassori;6;22
16502;icholy;8;22
106810;ruemic;3;22
1276066;chrisvfritz;3;22
1966995;t93;1;22
2912671;myg133;4;22
7275072;JoeZheng2015;11;22
177049;monokrome;2;22
6445;nakamura-to;1;22
1331975;shinnn;4;22
86809;jonezy;6;22
15252;mtwilliams;3;22
15331;brianchirls;5;22
1751685;gregl83;7;22
23263;zephrax;2;22
5728;niftylettuce;1;22
6001;7hunderbird;3;22
2325993;lzilioli;6;22
8648;brianc;5;22
3309;mgrabovsky;6;22
620460;mquandalle;6;22
2131186;aaronbuchanan;1;22
2044504;gaogao1030;6;22
2354030;xavierchow;4;22
3880268;zhenhua32;10;22
6765445;zhouzhongyuan;12;22
3839;bogdan;1;22
5394;gsamokovarov;5;22
127354;ichernev;1;22
585380;radkodinev;3;22
5926;opyh;5;22
84138;adamyeats;3;22
3969;tomer;2;22
14754;editor;1;22
205702;mikestreety;2;22
304942;isayme;2;22
1873180;ariporad;2;22
2638645;jcrben;8;22
4889678;PandelisZ;11;22
143123;scien;2;22
199087;pklingem;3;22
23180;mlocati;4;22
11442801;chris-etheridge;13;22
121138;robertjwhitney;6;22
2066620;chiefGui;1;22
3949163;spinloop;10;22
15030;davglass;5;22
25829;sapegin;8;22
2411545;antoinepairet;7;22
3180433;woollybogger;7;22
3783996;tswaters;10;22
4640378;Magnitus-;8;22
167837;ryanstevens;1;22
21568;jensechu;1;22
1554;LaurentGoderre;2;22
21532;beaugunderson;1;22
34383;benbalter;1;22
183952;schmod;2;22
2767094;danpaz;8;22
1856709;camilleanne;5;22
6450;DirtyF;1;22
20505;dnalot;1;22
16432;mnquintana;1;22
48545;shigeya;2;22
516045;siadat;3;22
6859110;lomberas;11;22
242744;kenperkins;2;22
78652;blainsmith;5;22
23085;sstur;1;22
26402;oatkiller;3;22
36749;highergroundstudio;1;22
104557;ikokostya;2;22
168346;Alex7Kom;4;22
169910;alexganose;1;22
2407999;chharvey;1;22
9440;quinn;3;22
17165;jonnsl;2;22
108545;aaronshaf;3;22
122410;clintberry;2;22
7061198;anierzad;4;22
26599;w33ble;1;22
37632;auchenberg;5;22
208566;wiedi;1;22
220209;quocvu;2;22
271386;morphar;3;22
728224;kapetan;4;22
6558843;B-Paul;12;22
30720;vvo;2;22
102469;neoziro;7;22
7257;jbergstroem;1;22
183701;linguofeng;3;22
839698;wprl;3;22
29285;laserlemon;2;22
5944;eggsby;3;22
99629;earaya;2;22
48546;ivanoats;1;22
556909;shanksauce;3;22
2950599;kansaichris;6;22
65723;koppor;1;22
23857;jizzyjugs;3;22
102252;milkytiptoe;1;22
7210;realityking;1;22
10071;arian;5;22
263421;cloudchen;6;22
316852;stetro;15;22
84402;kylecordes;1;22
194198;gdi2290;1;22
13798;uggedal;7;22
23683;joshrtay;2;22
45941;btd;8;22
137572;stephenmathieson;1;22
140456;ceslami;2;22
227272;calvinfo;3;22
1260878;hshoff;2;22
3750596;alexanderGugel;1;22
91305;mweibel;1;22
169073;skaterdav85;5;22
74892;mtscout6;1;22
160873;jamesallardice;3;22
2645;tav;3;22
163533;wuworkshop;3;22
19675;pglewis;3;22
100541;jacobbuck;2;22
2795;masondesu;5;22
280877;btrask;1;22
91397;nateberkopec;1;22
12987;mdp;2;22
101900;mamboer;1;22
152145;pixeldrew;2;22
3102812;ashubham;8;22
583524;elijahandrews;1;22
3236607;mattlewis92;9;22
72902;zavakid;4;22
10584;cstipkovic;2;22
63198;jodytate;3;22
168873;matsko;2;22
483194;NickHeiner;3;22
3325514;gabrielbull;1;22
26547;vtjnash;7;22
302049;ccowan;4;22
337218;colynb;5;22
338585;Manishearth;2;22
248976;geopet;5;22
292839;lfender6445;3;22
81778;OzzyCzech;2;22
92122;KokaKiwi;1;22
802336;Dashed;1;22
81140;Indiv0;2;22
138910;innoying;6;22
202637;Aaron1011;1;22
2132390;LukeBro;4;22
86792;medikoo;2;22
128213;zubairov;1;22
139402;matthieuprat;1;22
1550;pborreli;3;22
176176;Xarem;2;22
12373;morganrallen;2;22
226222;brettz9;3;22
1507690;autopulated;5;22
6457250;aeksco;6;22
264232;WickyNilliams;2;22
23579;iammerrick;2;22
141051;fern4lvarez;1;22
20193;yhahn;1;22
29309;creynders;7;22
3673866;buley;1;22
247721;matallo;7;22
331155;ifo;6;22
6599;kriskowal;5;22
30022;francoisfrisch;1;22
149859;calvinmetcalf;4;22
1208207;georgeanderson;7;22
1973803;aigarsdz;1;22
3740920;lathonez;10;22
401703;testower;8;22
23401;mnuessler;4;22
21480;nhoizey;1;22
987928;gumballhead;4;22
1541622;pensierinmusica;5;22
1704666;aselbie;3;22
1737980;austentalbot;5;22
2725785;Yahkob;7;22
2732910;HarleyKwyn;7;22
3322049;biversen21;9;22
3348942;NickStefan;9;22
3491576;ateich;6;22
4066612;bryanjenningz;10;22
6582930;boJackEden;11;22
3088;rwldrn;1;22
8626;freewizard;4;22
23257;sreuter;2;22
252326;gvn;5;22
54943;silentroach;7;22
180923;jas-;8;22
462474;bajtos;2;22
25984;typester;5;22
6847942;kevinburkeshyp;13;22
158744;sandinmyjoints;5;22
459404;CristianTincu;1;22
65447;yaph;1;22
177072;zekzekus;1;22
31268;joscha;5;22
866515;mdevils;7;22
63449;ntwb;3;22
95746;lukateake;2;22
8925;janl;1;22
21594;kkaefer;2;22
18021;zachleat;3;22
109592;rodneyrehm;3;22
438587;ddprrt;1;22
12943;treyhunner;1;22
101955;jzelinskie;2;22
236123;ederavilaprado;2;22
337498;pimterry;1;22
6418;davepacheco;1;22
30360;jsmarkus;6;22
1962262;keegoid;6;22
35060;ebensing;1;22
87373;ajdavis;1;22
3639174;elvinyung;9;22
101448;a3gis;2;22
124338;mjor;2;22
7132199;akilegaspi;8;22
156287;pdokas;7;22
2580204;josemato;7;22
109539;marti1125;2;22
102246;silverwind;6;22
574548;Hupotronic;2;22
2242817;thebladeee;7;22
1860849;eastbayjake;6;22
35343;mishanga;3;22
128445;RReverser;1;22
17884;Panya;7;22
184977;jodaka;4;22
65530;KyleAMathews;1;22
109916;alxndrsn;2;22
4663218;PudgePacket;4;22
1980215;vhmth;7;22
13064;pheuter;3;22
118993;chadhietala;2;22
123259;andihit;2;22
160858;jkresner;5;22
643195;KrysKruk;16;22
872796;stelmakh;1;22
922694;blackswanny;2;22
1232711;yanno;4;22
2150532;PierreRochard;6;22
27561;jussi-kalliokoski;1;22
337;albertsun;2;22
16208;jamietre;8;22
539028;migounette;2;22
178117;vernak2539;6;22
45646;adrianlang;3;22
41358;cbourgois;1;22
895840;cgross;6;22
4615601;ClimbsRocks;9;22
41505;msiebuhr;1;22
127432;terinjokes;4;22
13348;p3drosola;6;22
80528;cartazio;5;22
828711;jakzale;3;22
210843;Jashank;2;22
2398629;itslenny;7;22
856482;ericleong;1;22
2809;makeusabrew;3;22
717390;cappslock;3;22
74699;ngryman;4;22
5130547;mattc41190;11;22
11013135;ScottFreeCode;17;22
1975;lkuper;5;22
241424;JetFault;1;22
99827;samalba;3;22
68115;youknowone;2;22
86142;seanmoon;6;22
78747;dkinzer;2;22
3591550;kytwb;1;22
60757;createdbypete;3;22
7687;caike;2;22
9969;bkw;1;22
16473;christianv;2;22
22907;cloudhead;3;22
2625;jorendorff;5;22
2849;rtanglao;6;22
3258;thomaslee;1;22
277519;gabrielf;7;22
959681;nemtsov;1;22
7158206;legodude17;13;22
10626215;kaidiren;3;22
70698;iizukanao;1;22
3497;molnarg;7;22
154458;tori3;5;22
334149;thetalecrafter;3;22
3555490;brismuth;8;22
46542;lmullen;6;22
380865;KyorCode;8;22
234389;bitshifter;1;22
45480;jakub-g;1;22
114462;divdavem;3;22
169683;bcharbonnier;8;22
56743;boneskull;1;22
2120477;lukasz-zak;7;22
68617;skratchdot;3;22
20189;BryanDonovan;5;22
3595;omasanori;7;22
1708608;utenmiki;7;22
36215;jsanders;7;22
4589510;tomaka;1;22
99403;jackdbernier;3;22
305509;mcordingley;5;22
4735062;julmot;11;22
823344;38elements;3;22
18211;comfuture;2;22
65585;Kroisse;5;22
33359;eskimoblood;2;22
93207;kriswill;2;22
3208920;thomasmulvaney;9;22
5544;dwo;2;22
203548;vivekgalatage;2;22
1242407;geekguy;4;22
925384;viclib;6;22
932401;cjihrig;4;22
73905;KidkArolis;8;22
165694;abe33;4;22
952103;mike-spainhower;8;22
148557;Kristories;1;22
7949113;hugomd;2;22
2806684;niftynif;4;22
6215207;gibfahn;12;22
167591;mazesoul;1;22
840;voidfiles;6;22
7906;danielgrieve;5;22
348600;yizeng;3;22
2768301;baiyangcao;5;22
2811317;kleinfreund;8;22
3220503;pilosus;9;22
5454928;admhlt;9;22
7172073;jmepg;13;22
9526202;arthurhammer;6;22
60210;turadg;7;22
135433;rngadam;7;22
50520;imkira;6;22
124743;tonytonyjan;2;22
206647;localheinz;1;22
130567;rjz;1;22
6468;otakustay;2;22
932416;Ielgnaw;1;22
254622;imcnally;1;22
60052;tylerneylon;8;22
2480608;ryanpcmcquen;1;22
2633113;eduardoboucas;6;22
698543;dim-an;7;22
973060;bahmutov;3;22
1690003;logicmason;5;22
2451084;unional;5;22
93402;boazsender;2;22
111326;incompl;1;22
265398;Chevex;8;22
505852;wesleycho;2;22
1946486;msafi;6;22
87121;boxxxie;4;22
18024;zoranzaric;5;22
4447;duncanbeevers;1;22
15195;lencioni;1;22
19840;pulse00;1;22
22489;simshanith;1;22
30409;dtinth;1;22
34854;markdalgleish;1;22
39385;theasta;1;22
61257;haihappen;1;22
74653;jhnns;3;22
167851;igl;1;22
186109;supersheep;1;22
243064;lmartins;1;22
294371;geekflyer;1;22
363325;Lukx;1;22
453236;lisposter;1;22
707715;RickyChien;1;22
723279;marr;1;22
784254;niksy;1;22
870875;floatdrop;1;22
930122;cchamberlain;1;22
1157639;altano;6;22
1191154;jonathanp;1;22
1410331;rafde;1;22
1443635;edygar;1;22
2397106;brenoc;1;22
3160523;distilledhype;1;22
2194812;ThyBzi;1;22
134426;calebegg;8;22
428065;Paton;6;22
102237;zixaphir;7;22
3196146;Worer;8;22
1397211;roryrjb;5;22
1702715;nackjicholson;6;22
44147;papandreou;5;22
362301;oliversalzburg;2;22
167911;fredericosilva;1;22
23819;acdha;2;22
1083853;hustonhedinger;2;22
882340;markfan;4;22
2775274;rubenvereecken;7;22
294964;chad3814;3;22
5011352;seanstrom;4;22
63490;Confusion;2;22
185495;paulmars;4;22
207867;headwinds;3;22
711282;rajivr;4;22
949634;HugoGiraudel;2;22
55752;Martiusweb;5;22
18090;monsur;3;22
2082165;rrgayhart;5;22
7822733;leggsimon;13;22
870055;henrywright;3;22
27544;aredridel;1;22
230363;csabapalfi;1;22
12662;sblom;2;22
862;sylvestre;1;22
1863654;brint;5;22
8744486;renatoriccio;14;22
9076;trans;3;22
72680;TauZero;1;22
1787039;peecky;6;22
17267;samcday;3;22
106770;maban;2;22
263840;rythie;2;22
23454;gmile;2;22
73185;SevInf;2;22
1902744;ebabel-eu;6;22
318677;klutzy;5;22
662838;sthomas1618;5;22
47340;ndarville;3;22
29821;peterkc;2;22
2328951;merrua;7;22
9921;landeiro;4;22
757676;Paretzky;4;22
34437;aslansky;2;22
4617501;mischkl;11;22
5734;barnabyc;2;22
144590;maxbrunsfeld;1;22
246113;JeffChan;7;22
831574;shebson;7;22
944882;dgbeck;4;22
6299241;cmloegcmluin;6;22
1445;dariusk;5;22
164421;SteveALee;5;22
697145;Y--;7;22
24502;wombleton;7;22
662831;janschlotte;4;22
169425;montogeek;1;22
1314824;chrisjhoughton;4;22
2025;fsouza;1;22
2029;dgryski;2;22
18257;minibikini;6;22
666878;wfgomes;3;22
50485;c089;6;22
14489;muddydixon;3;22
22869;ryancole;1;22
42557;devdd;1;22
80594;cognitom;2;22
938259;jneu;4;22
3753128;barnabycolby;15;22
112821;marcneuwirth;3;22
7252081;dkurucz;7;22
3832;richo;6;22
185771;martinvd;1;22
105766;adardesign;3;22
34967;caridy;1;22
37397;nevir;1;22
4446824;fasterthanlime;10;22
28580;muffs;3;22
226993;omarkhan;2;22
445936;alanshaw;8;22
742757;mkoryak;4;22
101154;timjgleeson;7;22
924571;fhartwig;6;22
134428;spratt;4;22
400606;DrewMartin;3;22
807139;finnp;4;22
970487;jwalton;2;22
89896;teppeis;5;22
1459788;hden;3;22
84021;fantactuka;4;22
1883762;ssafejava;8;22
48194;asheriff;7;22
82626;yatskevich;7;22
60023;earnubs;3;22
174666;shoully;7;22
5572;lookfirst;6;22
17349;tychoish;1;22
10548;zpao;7;22
18371;warrenseine;1;22
12573;jimschubert;1;22
404520;andyroyle;1;22
245783;artagnon;5;22
3532;bjz;4;22
766044;Elzair;4;22
9007;bengl;4;22
93553;davidpfahler;5;22
128914;andriijas;5;22
97861;sevastos;2;22
253511;LeoTestard;8;22
543784;grschafer;1;22
1887;davidgomes;3;22
56518;jugglinmike;5;22
123337;graingert;8;22
18145;kof;2;22
2892110;Fritz-Lium;8;22
120482;wuhy;4;22
45621;andrewjstone;1;22
51014;bsnote;5;22
931422;arianitu;5;22
471183;bvssvni;2;22
55635;firede;2;22
8193;jasonmay;3;22
3316624;panuhorsmalahti;3;22
749157;davedoesdev;3;22
261129;danielbayerlein;7;22
146530;timgluz;1;22
421242;charlierudolph;4;22
4390930;ss108;7;22
5315135;kakadiya91;8;22
72660;EvanOxfeld;5;22
22638;curious-attempt-bunny;6;22
28063;spion;6;22
1247421;z0mt3c;2;22
181180;oklai;2;22
71824;that4chanwolf;2;22
23858;seaweedchan;3;22
2763;sl4m;1;22
1939571;Machyne;6;22
35319;vtambourine;1;22
73816;jakerr;3;22
126915;ruyadorno;2;22
293512;davewasmer;1;22
459842;jonakyd;5;22
1809492;fjdumont;7;22
250827;mortalapeman;2;22
1558272;kenny-evitt;1;22
324317;evanworley;1;22
3683;eug;1;22
159460;jmcantrell;1;22
2060632;malyw;1;22
5934494;karol-f;1;22
256612;mikecole;1;22
72888;Math-;1;22
1419543;simpleigh;3;22
39086;cioddi;6;22
180791;belltoy;1;22
6284;puzrin;6;22
71754;nternetinspired;2;22
761433;zecozephyr;6;22
220609;blackjid;7;22
291066;zackbloom;7;22
1534867;trentmwillis;5;22
148444;redox;1;22
459868;ashleygwilliams;3;22
10568;saurabhanand;4;22
249590;toffaletti;2;22
3006840;Armavica;8;22
363215;mlocher;2;22
753468;olivierbeaulieu;2;22
132611;leny;2;22
2269;fabien;3;22
424568;lzatorski;8;22
38826;edjafarov;3;22
1249148;eagleeye;1;22
1278818;felixrieseberg;1;22
13271;wavded;3;22
47418;chopachom;1;22
1490544;williamhc;2;22
41267;Hebo;8;22
322719;graue;2;22
193180;snuggs;2;22
55576;codelahoma;3;22
264310;markets;1;22
14367;mrtazz;5;22
61465;rfielding;7;22
258100;virola;1;22
883842;jinzhubaofu;4;22
105735;jmgrosen;7;22
426817;fromheten;2;22
100515;tatsuhiro-t;7;22
1199801;swarthy;3;22
2921325;preco21;7;22
7850641;ujane;14;22
2292904;luk-;7;22
108347;kaelzhang;6;22
149045;martell;2;22
103046;AaronAsAChimp;6;22
2330014;bernardodiasc;1;22
486286;danluu;4;22
288690;Bzomak;1;22
1916006;soundasleep;5;22
112591;fancyoung;1;22
14162;joelrbrandt;2;22
241498;brutal-chaos;4;22
324073;yhwh;8;22
1658560;jacek-pulit;6;22
72848;mgp;1;22
973903;dfournier;3;22
71890;Lekensteyn;7;22
4257704;hickford;1;22
6216;sdqali;2;22
370922;christianblais;1;22
81290;Steida;8;22
226458;jayharris;1;22
51314;sorccu;1;22
1925292;JuanCaicedo;6;22
1497507;howiehu;1;22
5750;darkhelmet;8;22
25165;Prinzhorn;3;22
45647;hokaccha;4;22
247369;RasCarlito;2;22
1840065;budde377;5;22
108225;nathwill;3;22
79741;manuelcabral;3;22
85025;MarkReeder;1;22
325348;Qix-;1;22
429196;jmonster;1;22
1324857;jas;1;22
1944144;chiester;6;22
79367;pifantastic;1;22
243029;AndrewHenderson;3;22
2554393;Devaio;7;22
267199;justingarrick;4;22
1597934;paul-wade;4;22
176936;maxbeizer;3;22
413016;saibotsivad;2;22
1027830;robertfausk;2;22
3797076;ningsuhen;8;22
104189;miripiruni;1;22
211966;Ralt;2;22
9210226;danielyang1009;15;22
1771359;mbildner;4;22
52983;borisguery;1;22
1054312;popox;8;22
17839;gabehollombe;7;22
4680086;lewiscowper;10;22
3491885;thierry-FreeBSD;9;22
489851;boobooninja;3;22
1179189;hjr3;5;22
85097;erayarslan;1;22
238122;otaviocc;8;22
349647;jmartin84;1;22
626987;jedd-ahyoung;3;22
638779;gsingh93;2;22
34408;Nami-Doc;3;22
31067450;nickmccurdy;1;22
3110;rcatolino;2;22
8584612;datwheat;14;22
160219;brishin;1;22
19930;timrwood;2;22
1930877;GProulx;2;22
6138813;adamrecsko;3;22
2748509;CGavrila;8;22
5824895;mdawsonibm;12;22
242297;pmarsceill;1;22
1391753;MartinRogalla;1;22
1703;joemccann;4;22
3172365;zzmp;7;22
3217361;justinpinili;6;22
1735093;quadroid;6;22
64356;tkrotoff;6;22
38980;chancancode;1;22
563612;kevinsimper;1;22
3682001;akenn;1;22
190754;gianpaj;7;22
2102649;funkytek;8;22
3243;pwoolcoc;1;22
16130;Ryman;1;22
75528;efuquen;1;22
117658;mcpherrinm;1;22
165963;eerden;1;22
166457;derwolfe;1;22
351218;pythonesque;1;22
2488215;recp;1;22
3154332;alan-andrade;1;22
3275614;andrewrk;1;22
203524;maxlinc;6;22
12534;floydpink;7;22
78203;gronke;7;22
1131585;maboiteaspam;4;22
4284826;ricardopolo;7;22
50638;beeman;1;22
4438719;robludwig;10;22
55663;clutchski;2;22
108336;jebaird;3;22
94342;yanxyz;2;22
325367;zhiyelee;2;22
1968336;yanni4night;2;22
6580302;maicss;12;22
59827;funglaub;3;22
117861;coding46;2;22
74824;NotBobTheBuilder;3;22
137574;kamilogorek;1;22
151239;stash;1;22
122872;Ms2ger;1;22
70692;purge;1;22
17972;nicokaiser;2;22
210649;mattdsteele;4;22
12183067;hargasinski;10;22
7095;dannycoates;7;22
295442;kamatari;2;22
320118;jkrems;7;22
410262;larryv;5;22
18188;HenrikJoreteg;1;22
303396;Schoonology;6;22
118989;adamschwartz;5;22
284233;brandonaaskov;8;22
5332833;stevejs;12;22
203409;ahmadnassri;2;22
530986;rustyconover;2;22
105109;EchoAbstract;1;22
293812;jjoos;5;22
360245;ivorbosloper;1;22
108234;RoryH;1;22
18787;AlexeyKupershtokh;6;22
26757;dallonf;6;22
394875;lightblade;6;22
26189;janmonschke;3;22
45192;majgis;1;22
603341;supasate;1;22
711692;pra85;1;22
2714889;jhanschoo;3;22
98358;guersam;1;22
183961;yhpark;1;22
509398;Rolinh;1;22
136567;e-jigsaw;2;22
4153;iangreenleaf;5;22
129883;thomasboyt;5;22
492397;ki82;2;22
44512;trevordixon;7;22
830088;yjo;1;22
2077457;tmct;6;22
375192;jcurtis;3;22
26693;jeremybanks;2;22
391573;brunoabinader;2;22
125162;jcmuller;5;22
217346;Hokein;1;22
197104;themooserooster;1;22
86521;vjeux;2;22
271633;joeheyming;2;22
2978128;ericprieto;4;22
690505;tripu;2;22
1868349;gurok;6;22
713210;FlorentD;5;22
242207;JustB;1;22
490919;miphe;1;22
497451;barretts;1;22
17928;cpojer;1;22
1202162;basarat;3;22
6421400;dkoleary88;12;22
1256123;ivanseidel;4;22
110402;nslater;1;22
75890;kppullin;2;22
134665;kaineer;7;22
2400643;JustAPerson;3;22
50684;rhalff;2;22
133541;davidlehn;6;22
1053154;gr9zev;8;22
769695;cletusc;8;22
266105;raboof;2;22
647147;erizhang;7;22
17141;steveklabnik;7;22
4110181;wolfhoundjesse;10;22
6641343;lady3bean;12;22
289092;sam-github;6;22
822986;alexandrusavin;2;22
1733182;zanemcca;5;22
3111859;violet-day;8;22
10409771;gunjpan;15;22
299881;zxqfox;1;22
459817;garyb;1;22
7867177;iamstarkov;1;22
59634;Sirupsen;3;22
2319707;bouk;3;22
7222673;dvbeato;2;22
35391;philix;8;22
141375;astrieanna;6;22
332167;davidparsson;1;22
1285452;pkollitsch;2;22
1591767;kAworu;8;22
219026;peterblazejewicz;8;22
5736448;voltrevo;12;22
3393810;IgorKlopov;17;22
2780597;dguenther;8;22
35289;MayhemYDG;3;22
60433;woxxy;3;22
52238;stryju;8;22
3460762;xavierpriour;3;22
2024949;tobiasviehweger;3;22
14511;aaronj1335;1;22
200428;swgillespie;7;22
430399;trusktr;3;22
68516;ghostandthemachine;5;22
83584;johnpmayer;2;22
320632;eugeneius;3;22
103454;gartdan;7;22
1468923;jerriclynsjohn;5;22
1833736;mlorbetske;4;22
2700865;Gordon-Beeming;8;22
3047659;gcastre;7;22
56454;stepancheg;7;22
1538811;sbauer322;4;22
1457761;paulfalgout;3;22
13629;cmaher;3;22
590405;jaridmargolin;3;22
2079546;ntgn81;6;22
3881861;shammellee;3;22
89456;dannyfritz;3;22
99203;NSError;4;22
445418;sizzlemctwizzle;8;22
28337;tonylukasavage;1;22
40929;niemyjski;3;22
143128;wmertens;3;22
1036782;sjorek;3;22
1042838;zachgersh;8;22
2228703;rebornix;1;22
6186798;yaycmyk;3;22
10287794;mgol;3;22
137677;blinry;6;22
171492;jrcryer;3;22
1783566;sunilkumarc;5;22
808097;ipetkov;3;22
2017368;kysnm;2;22
39290;KenPowers;9;22
10680;dfilatov;6;22
61913;tmpvar;1;22
164294;watson;1;22
221571;kemitchell;4;22
236309;afroald;1;22
275357;koistya;4;22
339305;gmaclennan;4;22
978481;despairblue;4;22
1517622;vsivsi;4;22
166972;clovery;3;22
100940;Akagi201;2;22
23546;mslemeri;1;22
44316;vertexclique;4;22
3682245;dyrim;10;22
5444842;faiq;8;22
383176;AurelioDeRosa;4;22
225880;jtwebman;1;22
1181306;archangel-irk;2;22
2778644;chetverikov;3;22
3857334;JasonCust;2;22
254640;captbaritone;1;22
273600;plaxdan;4;22
145535;FWeinb;2;22
1218141;nunoarruda;2;22
1593212;jamesxv7;2;22
601;budparr;4;22
149758;friedenberg;4;22
1317728;valorkin;3;22
1534362;icylace;3;22
3464177;schempy;4;22
102291;MarkJr94;6;22
175771;grant;2;22
197618;wbinnssmith;2;22
1530004;raymondfeng;3;22
80909;JIghtuse;1;22
1052126;demohi;4;22
106391;FredyC;2;22
3623;liigo;4;22
6375220;Dadie;4;22
497712;gwicke;4;22
251582;bdukes;5;22
901;BenoitZugmeyer;1;22
32340;MiLk;1;22
534572;Tjatse;1;22
908531;jj09;2;22
2571703;Ezmyrelda;5;22
69908;robwierzbowski;6;22
48312;gabipetrovay;7;22
361024;dandv;4;22
10034957;0candy;15;22
1005270;eliovir;7;22
318787;davidsilvasmith;3;22
11670696;kas;1;22
223747;yoshyosh;3;22
400174;rase-;5;22
819599;leo;5;22
1295874;cybergeek94;5;22
3531894;Syeoryn;8;22
3784016;JoopAue;9;22
12005;thatmarvin;7;22
3602324;divecch;2;22
108772;edgemaster;3;22
3262;gifnksm;6;22
2946892;johnwalker;5;22
407214;dnewkerk;3;22
6443;mexpolk;4;22
1845020;ovvn;5;22
34219;jdalton;5;22
70355;lehni;5;22
274387;aearly;5;22
2460894;JoshSGman;7;22
3002302;jontewks;5;22
3369861;fcolas6013;8;22
470890;dminkovsky;5;22
989033;altsang;3;22
3739992;emmansun;10;22
11482942;robinbiondi;11;22
11615522;harshu108;15;22
7261;cvrebert;7;22
115401;andrew-d;1;22
834258;lkrupphunter;6;22
3926870;bradcerasani;5;22
4400771;spencerbyw;9;22
13057;andrewschaaf;1;22
219778;kolesnik;8;22
3541;Arcterus;4;22
12026;aleiphoenix;4;22
66461;jbcrail;4;22
239041;Blei;4;22
6095414;clickclickonsal;11;22
9138;grncdr;5;22
111947;mgreter;5;22
253078;paulomcnally;5;22
2779125;ibnc;8;22
88065;RobertLowe;6;22
2395196;dmanescu;7;22
46857;liquid;3;22
185678;brysgo;3;22
4638394;harry8525;6;22
28152;jondavidjohn;5;22
172709;strugee;2;22
185443;s-a;6;22
7058;kraman;5;22
90075;srl295;4;22
302473;OwenBrotherwood;4;22
723163;briangreenery;4;22
1219979;jakerella;6;22
103884;alabid;1;22
2475940;junecoder;7;22
75072;ihnorton;6;22
573259;barneycarroll;6;22
4108;xrd;1;22
16391;reid;1;22
68396;jmm;1;22
161398;tmarshall;1;22
212282;RichardLitt;1;22
1377386;artmees;1;22
2504303;sunkibaek;2;22
136621;brianreavis;6;22
1027513;lo1tuma;6;22
32733;grahamc;5;22
2199144;yangmillstheory;4;22
274096;Dremora;6;22
19016;sebv;8;22
7780376;bd82;6;22
1942032;mathiask88;6;22
37239;kevinmehall;7;22
391571;Adenilson;7;22
3452221;AymericBeaumet;2;22
47219;jakebellacera;5;22
391036;evanlucas;2;22
158449;hidekiy;7;22
437370;Mark-Otaris;3;22
785656;digitalsadhu;5;22
387612;thylo;7;22
63107;bui;2;22
230059;dash1291;6;22
372021;spyl94;7;22
3636567;mattcollier;6;22
977628;vanthome;3;22
3104986;seriousben;4;22
3827851;DarthCharles;10;22
343155;frankcortes;8;22
2480737;nekrasoft;7;22
3166792;majimboo;8;22
823487;lubelski;8;22
3566761;EngineeringMode;8;22
2707066;voitau;7;22
3841473;mcreinhard;7;22
2362672;barryclark;8;22
230112;misterdjules;2;22
1013109;joaocgreis;2;22
7462;mirek;3;22
22984;chimurai;8;22
564120;hansjorg;7;22
831087;Niggler;8;22
3282076;makoConstruct;3;22
2212057;jaredly;4;22
2657652;herenow;8;22
50240;mpenet;9;22
216610;Zolmeister;6;22
8219640;jannyHou;14;22
890486;NicBright;9;22
1736102;lanshunfang;9;22
9640394;codeplea;15;22
98439;keskival;3;22
5022877;anthonyettinger;11;22
173328;carsonreinke;8;22
1467884;didikeke;9;22
938990;tuzhucheng;9;22
291948;mohsen1;8;22
4195147;wesmangum;9;22
122430;aidanhs;10;22
748965;mchapman;10;22
4650730;amZotti;10;22
6426091;wendyleung;12;22
1944835;JeremyLetang;6;22
3793343;Sourdoughh;10;22
2567545;Ariel-Isaacm;10;22
228012;jldec;10;22
302772;sergeyksv;10;22
5996790;trizko;6;22
6631800;FelicianoTech;10;22
78817;Geal;10;22
63693;TyOverby;1;22
1854823;dzearing;6;22
4308166;gekkoe808;7;22
2251441;skovsgaard;12;22
531153;leahciMic;12;22
1284259;shtr0m;12;22
661811;r3mi;2;22
4385631;brianjscoles;6;22
1072835;Kimundi;4;22
414485;cvibhagool;11;22
6608706;xbrightmatterx;12;22
9307968;garysye;12;22
31794;kevinburke;13;22
7637875;sstern6;13;22
2163540;TamalSaha;11;22
869684;mejackreed;8;22
3776804;dmitriiabramov;10;22
375000;131;13;22
54808;rsp;15;22
85669;fvdm;15;22
4027328;Stargator;15;22
243113;Charlotteis;8;22
102;luislavena;2;22
166;powmedia;1;22
184;xdissent;1;22
203;seanmonstar;1;22
421;icco;7;22
869;brson;1;22
964;bigeasy;2;22
974;piscisaureus;1;22
979;IgorMinar;1;22
986;vojtajina;1;22
991;roman-neuhauser;2;22
995;isaacs;1;22
1005;mcavage;1;22
1076;aweeks;4;22
1145;Gozala;1;22
1558;benburkert;1;22
1564;rtomayko;1;22
1757;tomhughes;1;22
1934;mislav;1;22
1949;fcambus;3;22
1979;nikomatsakis;1;22
2017;paulstansifer;4;22
2024;elliottslaughter;2;22
2026;msullivan;1;22
2030;catamorphism;1;22
2077;dherman;1;22
2078;eholk;4;22
2081;jruderman;7;22
2084;marijnh;1;22
2164;nathanl;17;22
2229;parndt;1;22
2264;kballard;1;22
2412;merlos;6;22
2772;samshull;6;22
2782;hubot;1;22
2854;Arelius;4;22
2880;uasi;1;22
2923;dwrensha;7;22
2936;dforsyth;7;22
2939;jroesch;4;22
2980;darkf;7;22
2988;elly;4;22
3002;bstrie;7;22
3017;wilkinson;8;22
3027;z0w0;2;22
3227;caiges;3;22
3266;db48x;7;22
3267;mcandre;2;22
3344;jbarnette;1;22
3363;Jonanin;5;22
3535;epidemian;6;22
3569;mitsuhiko;1;22
3586;Havvy;6;22
3688;jld;5;22
3721;apasel422;10;22
3732;pctj101;6;22
3876;wagenet;1;22
3892;wycats;1;22
3914;lukemelia;5;22
3941;joliss;2;22
4131;ericz;1;22
4134;ntalbott;7;22
4278;SteveSanderson;1;22
4360;mikeseven;1;22
4694;amire80;7;22
4875;int3;1;22
4896;radar;1;22
4912;joshk;1;22
4947;joneslee85;1;22
5009;jrburke;1;22
5101;fat;1;22
5136;Synchro;3;22
5194;superlukas;5;22
5269;Lonnen;1;22
5274;michaelklishin;1;22
5330;dg;1;22
5372;xiw;2;22
5823;tpope;1;22
5862;tschaub;1;22
5920;fgnass;1;22
6059;invalid-email-address;1;22
6065;toots;5;22
6083;eladb;1;22
6084;guybedford;1;22
6193;tjschuck;3;22
6235;minrk;2;22
6395;joeandaverde;1;22
6407;prybin;3;22
6408;mscdex;1;22
6409;koichik;1;22
6685;bhollis;2;22
6836;jagtalon;7;22
6858;zimbatm;3;22
6982;fhahn;7;22
6986;sethvargo;4;22
7086;pewniak747;2;22
7093;cgjones;5;22
7103;schwern;4;22
7122;spicyj;1;22
7125;jashkenas;1;22
7129;braddunbar;1;22
7132;mitya777;3;22
7137;brettgoulder;6;22
7142;caseywebdev;4;22
7144;philfreo;3;22
7152;DjebbZ;2;22
7182;alex;1;22
7225;jacknagel;2;22
7264;jedisct1;1;22
7338;johnsoft;7;22
7557;dira;7;22
7604;nathany;2;22
7619;did;3;22
7748;fdr;7;22
7884;hendrikswan;3;22
7898;laughinghan;2;22
7987;schneems;3;22
8078;daneharrigan;1;22
8150;josevalim;1;22
8160;davidcelis;2;22
8174;fxn;1;22
8257;DomKM;7;22
8335;arturadib;1;22
8645;kmike;3;22
8757;yanbe;5;22
8835;trentm;1;22
8902;caolan;1;22
8914;alindeman;5;22
8931;sferik;1;22
8971;aaronpowell;1;22
9079;vedmalex;6;22
9090;waywardmonkeys;4;22
9146;JustinVenus;3;22
9215;rmg;2;22
9236;mojombo;1;22
9262;axemclion;1;22
9280;simensen;1;22
9295;stephenmcd;1;22
9405;jasonwebster;1;22
9412;duncansmart;7;22
9423;Turbo87;8;22
9551;awood;1;22
9577;audreyt;1;22
9678;phedny;1;22
9858;chilts;1;22
10029;jnavila;7;22
10047;bminer;1;22
10108;shancat;4;22
10186;nylen;7;22
10202;mathematicalcoffee;6;22
10338;dzbarsky;1;22
10452;bobzoller;7;22
10453;asalant;7;22
10480;AndiDog;4;22
10482;macdonst;2;22
10545;JensNockert;1;22
10566;nical;2;22
10591;jimblandy;1;22
10663;novemberborn;6;22
10674;voodootikigod;1;22
10788;nex3;1;22
10827;aparajita;3;22
10967;benschwarz;2;22
11032;scottgonzalez;1;22
11037;jzaefferer;1;22
11042;laggyluke;7;22
11075;KevM;2;22
11136;joaojeronimo;2;22
11429;staticfloat;4;22
11471;ccampbell;1;22
11671;zz85;1;22
11741;colinta;4;22
11746;rubiii;5;22
11921;nono;3;22
11942;weakish;8;22
11994;thomblake;2;22
12158;moredip;1;22
12202;caniszczyk;1;22
12205;p0deje;7;22
12294;alexrp;3;22
12368;bobrik;7;22
12386;thallgren;7;22
12437;wickedshimmy;2;22
12659;dlitvakb;7;22
12688;dtao;1;22
12920;jmreidy;3;22
13094;csnover;1;22
13195;blahed;7;22
13204;mickeyreiss;7;22
13321;manuelmeurer;4;22
13354;dasch;7;22
13395;ry;1;22
13545;chocolateboy;7;22
13566;brantb;2;22
13609;TJKoury;7;22
13690;sergi;3;22
13691;gjtorikian;1;22
13721;janjongboom;1;22
13753;kmiyashiro;2;22
13822;halfdan;7;22
14107;rentzsch;6;22
14154;Qard;1;22
14403;jayphelps;3;22
14410;justinfreitag;2;22
14501;chris-morgan;2;22
14508;prattmic;8;22
14613;probablycorey;3;22
14692;runemadsen;7;22
14779;skade;1;22
14825;pda;2;22
14901;mikesmullin;4;22
14955;jakearchibald;1;22
15027;colevscode;2;22
15092;SiegeLord;10;22
15170;tim-smart;2;22
15289;blueyed;1;22
15341;ibdknox;1;22
15390;philikon;1;22
15721;simi;4;22
15750;jeremyevans;2;22
15901;stevenharman;7;22
16162;iarna;1;22
16478;akoeplinger;1;22
16480;qrush;1;22
16507;Haacked;1;22
16515;Zoramite;7;22
16535;ansman;1;22
16617;dennismartensson;3;22
16639;gtanner;2;22
16647;brentlintner;2;22
16950;shlevy;3;22
17031;tjanczuk;2;22
17120;yaauie;7;22
17240;arantius;5;22
17385;rgarcia;7;22
17595;timshadel;3;22
17684;nateps;2;22
17715;felixge;1;22
17716;einaros;1;22
17882;deedubs;4;22
17955;hiddentao;2;22
18042;morkai;7;22
18054;arthurschreiber;5;22
18136;saschagehlich;8;22
18225;meetar;5;22
18265;FlaPer87;3;22
18399;vincentwoo;1;22
18508;dvv;1;22
18592;jeffjewiss;6;22
18767;polotek;1;22
18860;coolaj86;1;22
18937;natefaubion;1;22
19100;AndrewRadev;1;22
19455;remy;1;22
19844;bmatzner;4;22
20044;eventualbuddha;1;22
20165;tkellen;1;22
20179;strk;3;22
20180;dougwilson;1;22
20181;cosbynator;3;22
20284;shapeshed;7;22
20453;jimt;2;22
20901;louisremi;3;22
20929;gabrielgrant;2;22
21229;Zarel;1;22
21266;masterbee;2;22
21464;mojodna;3;22
21525;anfedorov;4;22
21921;CaryLandholt;3;22
21922;dbashford;5;22
22041;jnicklas;1;22
22051;erictheise;4;22
22359;TrevorBurnham;1;22
22439;kixxauth;5;22
22657;kybernetikos;2;22
22792;cjdelisle;3;22
22801;cliffano;7;22
22964;doctyper;1;22
23005;rpflorence;1;22
23243;bcherry;1;22
23244;proksoup;1;22
23272;chriso;1;22
23309;sergeche;1;22
23548;jasonroelofs;2;22
23569;ivarni;5;22
23614;imathis;1;22
23706;RubenVerborgh;1;22
24029;ngauthier;2;22
24186;mikaelkaron;7;22
24194;paulkogel;15;22
24204;stefanpenner;1;22
24302;metajack;1;22
24359;theoreticaLee;5;22
24424;bclinkinbeard;3;22
24573;rmm5t;4;22
24630;adambiggs;7;22
24666;arturoc;10;22
24772;GUI;7;22
24858;gonghao;8;22
24886;jaredpar;1;22
25158;calmh;1;22
25194;willscott;5;22
25348;bkad;7;22
25550;gavinb;10;22
25689;cpsubrian;3;22
26108;rdworth;1;22
26243;desandro;1;22
26285;bhardin;7;22
26331;NARKOZ;2;22
26375;zzo;7;22
26566;loladiro;2;22
26606;jamesshore;3;22
26978;jgable;2;22
27224;hinrik;7;22
27454;carols10cents;5;22
27538;antonkovalyov;1;22
27543;adammw;2;22
27550;nox;4;22
27566;pracj3am;2;22
27572;istvan-antal;3;22
27597;openjck;1;22
27718;MaZderMind;6;22
27900;pfmooney;1;22
28258;gluxon;6;22
28294;oleavr;1;22
28319;raydog;2;22
28345;cb1kenobi;8;22
28395;mroderick;2;22
28405;kangax;1;22
28429;akzhan;4;22
28494;dhruvasagar;2;22
28557;fmarier;3;22
28589;mattrobenolt;7;22
28703;janv;2;22
28756;dbussink;3;22
28798;Seldaek;1;22
28831;rxin;7;22
28875;spraints;3;22
28999;ReactiveRaven;7;22
29029;juandazapata;7;22
29055;WebReflection;1;22
29235;aslakhellesoy;1;22
29362;BonsaiDen;4;22
29368;dhcole;1;22
29382;willwhite;2;22
30035;Stuk;1;22
30418;JensRantil;8;22
30476;michaelfairley;3;22
30739;ajpiano;1;22
30741;searls;1;22
30786;tnhu;7;22
30883;Ang3lFir3;2;22
30990;mihneadb;2;22
31161;whitequark;1;22
31231;jviereck;1;22
31284;trevnorris;1;22
31291;comex;1;22
31401;dgutov;5;22
31699;nuisanceofcats;1;22
31817;mishoo;1;22
32255;moshen;4;22
32592;pamelafox;1;22
32689;heath;7;22
32734;hSATAC;4;22
32799;x3ro;3;22
32848;JeremyWei;8;22
32967;trondn;1;22
33018;jchris;1;22
33019;jhs;1;22
33035;vmx;2;22
33226;aaronjensen;7;22
33234;dmethvin;1;22
33474;AnyCPU;3;22
33585;plaindocs;7;22
33660;knuton;7;22
33799;jpiasetz;7;22
33935;nsf;1;22
34210;curran;6;22
34304;wesolows;1;22
34351;rmustacc;1;22
34825;Soleone;7;22
34973;jdudek;5;22
35183;jasonkarns;7;22
35334;arikon;3;22
35680;delfrrr;1;22
35748;cy6erskunk;6;22
35782;akkartik;1;22
35875;jay;7;22
35945;rjmackay;2;22
36391;eviltrout;1;22
36454;abedra;2;22
36506;jimmyhchan;7;22
36636;tonistiigi;1;22
36671;knowtheory;1;22
36688;markbates;1;22
36777;RGustBardon;1;22
36971;SimonSapin;2;22
37213;konklone;1;22
37251;Darsain;2;22
37359;seldo;2;22
37556;Suor;2;22
37896;corbanbrook;7;22
37919;chrisleishman;7;22
37985;AgentME;7;22
38004;bgamari;3;22
38185;wting;5;22
38246;npcode;7;22
38295;magcius;2;22
38346;johngeorgewright;3;22
38383;Iristyle;5;22
38552;goloroden;2;22
38768;johan;1;22
38854;rbxbx;6;22
39440;boutell;1;22
39479;mantoni;2;22
39489;sky-glenjamin;3;22
39569;mrobinson;5;22
39587;cwebberOps;7;22
39597;Coreh;1;22
39693;pusewicz;4;22
39721;threepointone;5;22
40011;titanous;1;22
40291;sanxiyn;2;22
41473;timonv;7;22
41526;colinmollenhour;3;22
41536;chikamichi;7;22
41784;coodoo;4;22
42654;matthewwithanm;3;22
42955;liamks;2;22
43111;mikaelbr;1;22
43290;pwnall;1;22
43433;kevee;1;22
43527;leggetter;8;22
43610;aiwilliams;7;22
44006;callumacrae;1;22
44503;jonotron;7;22
44608;inukshuk;2;22
44896;alexyoung;1;22
45013;rrrene;2;22
45064;drewish;2;22
45112;kevingadd;1;22
45269;TheJosh;2;22
45336;nrw;1;22
45569;LinuxJedi;7;22
45612;mishunov;2;22
45855;leedm777;8;22
46293;dereckson;7;22
46326;djanowski;3;22
46403;lloydwatkin;1;22
46570;kennydude;3;22
46672;jharding;3;22
46713;mikemaccana;10;22
46957;releod;8;22
47003;gravis;4;22
47023;jlecour;7;22
47995;bwalding;7;22
48259;jakesjews;7;22
48534;andyw8;7;22
48738;jbclements;6;22
48937;alexcrichton;1;22
49070;laverdet;2;22
49261;rniemeyer;2;22
49269;linclark;2;22
49487;jdiamond;5;22
49546;izuzak;1;22
49714;drichard;2;22
50007;LtCmdDudefellah;6;22
50015;dweekly;3;22
50482;trodrigues;1;22
50585;mlinksva;7;22
50603;aroben;1;22
51255;dylang;2;22
51565;hueniverse;1;22
51667;eddyb;2;22
51762;paulrouget;1;22
52083;eleith;2;22
52487;blackwinter;7;22
52565;yungsters;2;22
52917;derekgottlieb;7;22
53422;dresende;6;22
54163;chapel;2;22
54235;durran;3;22
54365;rmehner;1;22
54477;taka84u9;1;22
54814;Snugug;1;22
55657;colinscape;2;22
55661;matt-hickford;2;22
55688;albertosantini;5;22
55762;dvonlehman;7;22
55791;mastahyeti;2;22
56226;hasufell;1;22
56762;petebacondarwin;1;22
57628;cldwalker;1;22
57965;samantharitter;2;22
58165;olizilla;1;22
58169;davbo;7;22
59169;meleyal;6;22
59295;saneyuki;7;22
59306;bzbarsky;1;22
59361;jrgm;7;22
59458;tmaier;2;22
59498;ihavenoface;3;22
59556;xzyfer;1;22
59589;axkibe;2;22
59606;can3p;1;22
59870;wyze;3;22
59948;kizu;1;22
60039;rafeca;7;22
60449;edmorley;8;22
60860;bramstein;1;22
61361;darobin;2;22
61699;shyamseshadri;6;22
61780;ChALkeR;1;22
61805;alexmcpherson;6;22
61807;jessicard;3;22
61813;tlhunter;2;22
62231;raganwald;1;22
62308;paulcollinsiii;8;22
62635;Gratimax;3;22
62909;SomMeri;5;22
62912;baer;9;22
62913;julienw;5;22
63335;r00k;2;22
63897;envygeeks;4;22
64326;jmatthewsr-ms;2;22
64425;mprobst;5;22
64475;VladimirTechMan;2;22
64572;paddybyers;1;22
64648;jpetazzo;1;22
65518;PSUdaemon;1;22
65524;booo;2;22
65576;davidcornu;2;22
65603;aadamowski;7;22
65638;pierrec;3;22
66529;zooko;5;22
66821;bradleywright;7;22
67326;mente;2;22
67666;kavu;8;22
67833;jnormore;2;22
67859;Mithgol;2;22
68423;xdamman;7;22
69349;timols;7;22
69606;lennym;8;22
70175;clochix;3;22
70891;julien-f;6;22
71282;luismreis;3;22
71445;shyiko;6;22
71551;pgriess;3;22
71562;qbit;4;22
71596;getfatday;5;22
72080;juandopazo;2;22
72087;albertogg;7;22
72183;mark-rushakoff;1;22
72200;spikebrehm;1;22
72242;Gottox;1;22
72248;wildlyinaccurate;7;22
72535;piscis;1;22
72794;ErikDubbelboer;1;22
72867;hmalphettes;7;22
73174;sodoku;4;22
73191;jfsiii;6;22
73761;danielgtaylor;3;22
74087;bryanrsmith;7;22
74371;sparanoid;3;22
74655;jed;1;22
75108;kerphi;7;22
76191;Kelsin;1;22
76248;cfarm;1;22
76331;erlend-sh;7;22
76371;danheberden;2;22
76558;aarongustafson;1;22
76633;zedgu;18;22
76790;davidaurelio;3;22
76914;apcj;2;22
77278;julik;3;22
77406;sebpiq;7;22
77506;rob-murray;2;22
77525;benvanik;5;22
77807;sugendran;3;22
78107;kanaka;5;22
78234;ajklein;1;22
78650;SSheldon;10;22
78689;exogen;3;22
79258;Grahack;3;22
79298;timruffles;2;22
79557;axiak;1;22
79778;ayanamist;7;22
80143;mrmonday;10;22
80788;johnjbarton;2;22
80816;hacksparrow;2;22
81358;leebyron;1;22
82280;yolk;2;22
82774;wereHamster;4;22
82905;dpatti;6;22
83693;Trott;2;22
83732;mrshu;7;22
83969;STRML;3;22
84498;jamesottaway;6;22
84606;jsha;7;22
85518;huntc;5;22
86139;machuga;5;22
86220;scotthernandez;1;22
86669;mojavelinux;7;22
87048;ryonlife;2;22
87222;tdd;2;22
87582;Valloric;1;22
88212;hunterloftis;1;22
88588;mehcode;5;22
88734;arika;4;22
89579;agnat;2;22
89840;marcomorain;7;22
90434;bholley;3;22
90792;thefosk;1;22
90966;SaltwaterC;1;22
92375;pdehaan;7;22
92385;colemickens;1;22
92546;aiboy;2;22
93717;maxbeatty;1;22
94243;Ralith;8;22
94471;deanmao;2;22
94615;lifthrasiir;2;22
94801;cpjolicoeur;6;22
95105;justsml;7;22
95422;tgriesser;5;22
95849;aral;1;22
96055;vohtaski;5;22
96118;clux;5;22
97072;Znarkus;7;22
97481;shanewholloway;7;22
97645;yuriks;2;22
98583;ryana;2;22
98791;mscharley;4;22
99030;fotos;7;22
99641;jayeff;7;22
99910;kevgo;4;22
101122;DiamondLovesYou;1;22
101558;philnash;6;22
103167;erasmospunk;6;22
104169;kristianpd;7;22
104838;nwinkler;8;22
105680;joshuafcole;1;22
106028;dudepare;7;22
106206;eiriksm;7;22
106266;ericclemmons;3;22
106334;asilvas;3;22
106504;apla;2;22
106511;dylanahsmith;4;22
107244;lenniboy;6;22
107366;joezimjs;1;22
108203;zspencer;7;22
108227;rixth;2;22
108672;rockbot;1;22
108787;rlidwka;1;22
109279;deanm;3;22
109715;sfowler;6;22
110497;mrkurt;7;22
110600;katyo;6;22
110740;justinweiss;4;22
111908;bpaquet;3;22
112316;hudochenkov;5;22
112398;kanreisa;2;22
113368;acidhax;1;22
113389;jawj;1;22
114988;tlivings;5;22
116287;shakyShane;2;22
117073;sgentle;3;22
118984;hongymagic;6;22
119026;Rendez;1;22
119030;maelp;3;22
120115;ashlux;7;22
121075;philschatz;2;22
121551;stomar;7;22
122112;fabricedesre;5;22
122613;fulldecent;7;22
123120;djui;3;22
123586;BurntSushi;2;22
124423;andreastt;1;22
124625;gauravmc;7;22
124633;fitzage;7;22
125007;thughes;1;22
125749;phoet;5;22
126051;Stebalien;10;22
126091;johnkpaul;2;22
126282;koron;1;22
126907;gcirne;5;22
127153;Nikkau;8;22
127492;janschoenherr;7;22
127681;achingbrain;1;22
128183;nw;4;22
128296;rurban;5;22
128387;leoasis;3;22
129542;tstarling;7;22
130078;retep998;10;22
130405;bloudermilk;7;22
130648;d10;7;22
130846;ef4;7;22
130877;hermanjunge;4;22
131189;mrb;1;22
131247;erik168;1;22
131433;louischatriot;1;22
131563;vshih;1;22
131703;cmr;1;22
131744;sonnyp;7;22
132954;nmaier;6;22
133893;jtangelder;3;22
134889;unknownbrackets;6;22
135311;tonyg;2;22
136705;cburgmer;2;22
137172;mrfabbri;7;22
137210;davidsulc;1;22
137502;StrLght;7;22
138926;gigi81;3;22
139104;FrenkyNet;2;22
139468;dbk2;4;22
139476;iliakan;5;22
141101;gtramontina;1;22
141836;fauxparse;5;22
142732;subhaze;6;22
144129;uu59;1;22
144903;robatron;4;22
146063;Dignifiedquire;2;22
146425;lucasb-eyer;1;22
146539;hustxiaoc;3;22
146939;offlinehacker;2;22
147392;olov;2;22
147579;steveluscher;11;22
148339;vinniefalco;1;22
148570;prenaudin;3;22
149058;jpap;7;22
149325;Rob--W;1;22
149401;irae;1;22
149650;lahmatiy;1;22
150377;markoa;7;22
150426;duereg;7;22
150548;poiru;7;22
150850;jridgewell;3;22
151032;brianmaissy;5;22
151460;anton-kotenko;3;22
151610;eymengunay;7;22
151620;dgwynne;1;22
152489;penartur;2;22
152773;kahwee;1;22
153818;hcatlin;1;22
154784;caldwell;5;22
155173;bluesmoon;2;22
155220;douglascalhoun;6;22
155688;chalkers;7;22
156326;mehiel;5;22
156946;trevorah;7;22
156972;gmalette;1;22
157761;nicks;7;22
158390;mneumegen;7;22
159540;nitoyon;4;22
159787;yosuke-furukawa;2;22
160064;Neamar;1;22
160697;seanhussey;7;22
161471;maxkueng;7;22
161492;q42jaap;7;22
161924;Rowno;1;22
162622;ErisDS;1;22
164678;amateurhuman;6;22
166282;rsofaer;3;22
166440;league;7;22
167171;drd;7;22
167772;merpnderp;7;22
167807;patrickkettner;4;22
167817;EvanCarroll;3;22
169451;pertrai1;12;22
170730;gmac;5;22
171366;foysavas;5;22
171594;jroes;4;22
171769;georgemandis;7;22
172501;recrack;7;22
172564;Floppy;7;22
174794;rwaldron;1;22
176940;azizshamim;3;22
177017;refractalize;2;22
177206;nibrahim;7;22
178719;dunglas;1;22
180703;mcolyer;7;22
184823;trishume;1;22
186020;jeffmicklos;7;22
186910;motlin;15;22
187467;michaltaberski;5;22
188318;davemo;4;22
190318;badeball;7;22
192490;knu;2;22
192547;letuboy;4;22
193275;dentafrice;1;22
194424;xta;1;22
194517;mabounassif;8;22
196824;mischah;7;22
201729;0c0w3;7;22
201741;staxmanade;8;22
201956;satyr;1;22
202960;liangsun;7;22
204065;intelliot;7;22
205030;tomasfejfar;7;22
207170;amitsnyderman;3;22
211410;znewman01;1;22
212533;murgatroid99;7;22
212879;johnpapa;1;22
213358;ryan953;1;22
214512;ribbons;7;22
214748;Zirak;2;22
218065;hbi99;5;22
219345;orangejulius;5;22
221091;PxlBuzzard;6;22
222011;fson;1;22
229046;jameskoval;2;22
230231;Tetsuro;7;22
236133;FrancescaK;7;22
236672;Juul;1;22
237240;Florob;10;22
237638;also;8;22
238375;claylo;6;22
239285;vtsatskin;7;22
242439;josharian;6;22
242699;kmcallister;1;22
242814;tautologico;4;22
244389;cscott;7;22
245348;FeodorFitsner;7;22
248400;xenyou;7;22
249329;markstos;6;22
249608;seancaffery;7;22
250183;wesleywiser;7;22
250638;bengotow;4;22
250697;tonyduckles;5;22
251509;ronkorving;2;22
251656;gregglind;4;22
252463;feugy;2;22
254508;balloob;1;22
257246;jan-molak;8;22
261514;oliverklee;2;22
262470;kyo-ago;2;22
263939;stuartmemo;1;22
266344;ianlivingstone;1;22
267119;jgraham;1;22
267176;tim-kos;2;22
267472;almost;1;22
268555;jakob-stoeck;2;22
269254;mwhudson;7;22
269810;gerry3;5;22
271051;ssuda;1;22
275106;campadrenalin;5;22
276664;danmilon;7;22
280281;Hywan;7;22
281521;EndangeredMassa;3;22
284327;g5pw;5;22
284605;Gankro;2;22
287098;nathan-lafreniere;1;22
289115;Evulse;3;22
290914;toranb;5;22
293106;rachelnicole;5;22
293596;msridhar;1;22
293815;tomdev;1;22
300026;Keats;10;22
302868;fabriziofortino;1;22
304208;Danayel;7;22
308495;ZeR0-Wu;7;22
308968;fastest963;6;22
312389;satchmorun;1;22
312640;ysbaddaden;7;22
312920;TooooBug;5;22
313071;gesa;5;22
314436;xcambar;2;22
315019;dpassage;3;22
315650;simonsarris;4;22
315943;ahbeng;3;22
318774;mneumann;1;22
323843;jamii;4;22
324822;blandinw;7;22
325720;skogsmaskin;8;22
326419;yegor256;7;22
326816;phadej;4;22
326950;ethul;3;22
333350;Wizek;6;22
335755;jwillmer;7;22
335762;BusyRich;8;22
336211;jhasse;10;22
337677;bojand;3;22
339567;traviskaufman;3;22
343363;samdutton;2;22
343479;qubyte;1;22
343978;contolini;7;22
346457;Standard8;7;22
350106;TheChymera;4;22
350296;petehunt;1;22
351041;mrkmg;3;22
351334;guyzmo;7;22
353753;jeffwidman;6;22
353809;skevy;3;22
353825;therealglazou;3;22
355308;orbiteleven;1;22
373228;RushPL;7;22
373323;draco2003;5;22
383436;thomasgohard;7;22
385225;sophietk;5;22
385620;vseventer;1;22
387704;lukeasrodgers;5;22
390026;vilcans;5;22
392373;jpinner;6;22
396069;rutsky;7;22
397174;mariusGundersen;5;22
398438;sprjr;7;22
399966;crocket;8;22
400113;heikki;10;22
400611;natesilva;6;22
401934;pradeep90;8;22
405933;Igorbek;3;22
406792;ghostoy;7;22
411782;QuLogic;1;22
412288;mfncooper;2;22
414518;octalmage;3;22
416305;rampion;2;22
416976;fredsa;7;22
419103;nfarina;2;22
419424;NielsenRamon;1;22
419547;elbowdonkey;1;22
422652;lolmaus;1;22
422730;jgoizueta;4;22
433206;Cauldrath;1;22
433678;Ivoz;7;22
434165;Just-Boris;5;22
434473;pavelbrylov;7;22
439795;andywingo;2;22
444491;ksdlck;1;22
445020;zertosh;1;22
445707;desuwa;3;22
450311;dcposch;2;22
451289;Jeaye;10;22
451301;willchan;5;22
453011;yous;7;22
455995;AopicieR;2;22
456390;morethanreal;2;22
456559;kustosz;7;22
463466;andersevenrud;5;22
466099;Ogeon;10;22
466454;srossross;2;22
467803;chriswong;4;22
470744;felixrabe;2;22
474802;ktmiller;4;22
475893;glasser;4;22
476974;birkestroem;1;22
477184;etler;2;22
478834;redwallhp;3;22
479800;zmike;10;22
479823;beyondcompute;7;22
479835;ljbade;6;22
481511;marcioj;7;22
491024;chulkilee;2;22
503303;megakote;8;22
510165;jdesboeufs;7;22
511157;Kreozot;1;22
515020;seankerr;10;22
517041;jetaggart;8;22
535454;hashseed;3;22
540062;squamos;3;22
545307;alias-mac;9;22
546809;w0rm;7;22
549367;verwaest;14;22
553443;sebastianseilund;5;22
564105;tscheinecker;3;22
567332;jeromecornet;3;22
567714;jeisinger;7;22
571406;diwu1989;6;22
579049;ozh;7;22
584783;stefanjudis;2;22
586515;ZJONSSON;6;22
592022;venkatperi;1;22
599967;andrejewski;2;22
600483;Jurily;2;22
607778;mloar;6;22
608329;tjconcept;7;22
608623;TalAter;4;22
617243;outcoldman;5;22
624186;denzp;3;22
630525;jdduncan;2;22
631909;ethomson;7;22
635028;isochronous;1;22
635540;elfassy;5;22
636559;ongardie;7;22
636979;capnfabs;1;22
643287;airandfingers;3;22
643550;paulhill;6;22
644767;seishun;3;22
645184;cyndis;2;22
667833;andywillis;7;22
670769;gynter;7;22
670968;sebcrozet;2;22
673667;hannobraun;2;22
681519;madskristensen;1;22
693356;kay-kim;3;22
694087;mgax;1;22
694528;sondr3;6;22
699796;djacquel;7;22
703644;CharlesHolbrow;7;22
706281;viruschidai;6;22
714605;rundis;4;22
716158;nerdpruitt;3;22
721202;voh;7;22
738286;pghalliday;5;22
738952;gereeter;10;22
742709;hansrwindhoff;3;22
757661;derekcicerone;8;22
758881;larsthorup;4;22
763957;jiverson;2;22
767201;KhaosT;2;22
769646;brianmann;4;22
777133;mankyKitty;4;22
779127;paldepind;2;22
780334;Kasalehlia;6;22
783971;ChrisGrant;5;22
788524;ryandesign;3;22
795913;robrich;3;22
801916;skycocker;3;22
802454;catsby;1;22
811817;qqueue;1;22
812722;DeadAlready;5;22
815711;adriaanlabusc;1;22
817139;tbuchok;6;22
822446;MichaelLee;7;22
825194;BorePlusPlus;3;22
826356;kaseyc;3;22
832881;nnethercote;3;22
851902;lydell;3;22
866503;cgole;9;22
868645;donovanmuller;7;22
873976;goffrie;6;22
884806;gramakri;7;22
885057;the8472;13;22
889923;takuti;2;22
898213;m4tty;1;22
902175;bobyrizov;2;22
913648;cvd;7;22
915254;cssmagic;2;22
920469;ILyoan;7;22
930323;ghmlee;6;22
932920;platinumazure;13;22
933376;vkarpov15;2;22
933707;ilyavolodin;1;22
934919;Wohlfe;5;22
936669;WebeWizard;4;22
944998;mcauser;6;22
946026;JedWatson;1;22
948019;akhleung;7;22
958014;brett19;2;22
960684;kvark;10;22
963175;tysonmatanich;6;22
969238;Gabro;3;22
973172;akinofftz;4;22
977329;shahata;2;22
979176;dlau;4;22
980177;gentoo90;4;22
984032;Sodel-the-Vociferous;6;22
985543;ecomfe;3;22
987529;nasht00;7;22
987537;LaurentVB;7;22
1010382;JSteunou;3;22
1019212;callumlocke;4;22
1021704;nathan;1;22
1027601;jamielinux;4;22
1032547;seanbrookes;2;22
1036566;IvanSanchez;2;22
1042948;plietar;1;22
1051046;Xazax-hun;7;22
1054511;Candid;5;22
1058757;tandrewnichols;4;22
1064305;davidvgalbraith;4;22
1064584;koresar;2;22
1070199;david-gang;7;22
1104155;jsheely;5;22
1106092;DavidAnson;2;22
1111301;23maverick23;5;22
1118018;J;10;22
1131446;xiwcx;5;22
1139843;mike-engel;7;22
1157578;alubbe;6;22
1158411;bassjobsen;7;22
1159733;Pegase745;2;22
1160678;daattali;7;22
1171779;dwittner;7;22
1176466;FredKSchott;1;22
1199041;MonwF;4;22
1209032;henriksjostrom;5;22
1210398;benjamincburns;8;22
1240232;pnkfelix;2;22
1244695;imyller;2;22
1255659;Sinma;7;22
1269028;davidshimjs;4;22
1274328;qgustavor;5;22
1279659;MadLittleMods;7;22
1282113;kud1ing;8;22
1282295;jules2689;4;22
1292004;stevecrozz;7;22
1294854;neojski;8;22
1296941;sergeifilippov;7;22
1300392;pavelgj;6;22
1303120;kyeongwoon;7;22
1303686;yichoi;6;22
1304846;aydinkim;4;22
1322547;arielb1;2;22
1323315;Lewiscowles1986;7;22
1326027;2fours;13;22
1335267;sumitha;2;22
1337707;reem;2;22
1353272;jadbox;7;22
1358257;geek;3;22
1374445;alexlamsl;2;22
1399046;Krivega;3;22
1410296;go-oleg;8;22
1411880;xionglun;7;22
1411940;jacopotarantino;7;22
1420964;nsimmons;5;22
1423431;tsholmes;8;22
1434227;bors;5;22
1434998;jfairbank;1;22
1440752;tepez;5;22
1493676;sam-at-github;7;22
1494767;bwin;2;22
1496365;stepantubanov;7;22
1545672;sfackler;1;22
1551640;scottydawg;5;22
1572180;matklad;2;22
1575077;lovebear;5;22
1597578;shenanigans;9;22
1604782;callmeed;8;22
1606087;zandaleph;7;22
1629796;bdaehlie;7;22
1634158;maximilianschmitt;5;22
1634300;tonythomson;5;22
1653061;lejenome;3;22
1670336;sammykim;7;22
1673293;ukutaht;5;22
1679185;DrkSephy;3;22
1686305;vwochnik;7;22
1694098;ahmedcharles;10;22
1696267;duanlixin;6;22
1700078;notriddle;9;22
1700490;keradus;4;22
1703942;jonnyarnold;5;22
1735007;takenspc;5;22
1736247;mdenhoedt;7;22
1740036;SimenB;1;22
1760249;geigerzaehler;5;22
1765608;nalajcie;5;22
1766409;alex-ross;7;22
1791170;penibelst;5;22
1793384;larsbergstrom;3;22
1794447;flyingfisher;6;22
1799455;stu-salsbury;7;22
1824573;kivikakk;7;22
1827373;rise2semi;3;22
1830154;kmikael;7;22
1831888;joelteon;6;22
1832137;raysrashmi;7;22
1850317;oztu;6;22
1851434;pcmattman;8;22
1872977;Diggsey;10;22
1896498;pastcompute;10;22
1911478;andrewlow;4;22
1934924;june0cho;7;22
1938550;osdream;5;22
1940657;GnorTech;6;22
1956414;obastemur;6;22
1956647;Bartmax;5;22
1990900;trojjer;3;22
2010695;bors-servo;6;22
2012308;impinball;6;22
2013752;nimamehanian;6;22
2028123;jade-bot;6;22
2029987;csfrancis;6;22
2055323;ianmstew;6;22
2059606;rndevfx;6;22
2059615;nagisa;7;22
2060900;imjacobclark;7;22
2064338;aepsil0n;4;22
2086178;bill-myers;6;22
2126052;MohammadYounes;7;22
2138947;markelog;7;22
2139545;zslayton;10;22
2153997;jakutis;6;22
2168494;hkjorgensen;7;22
2219131;eshyong;4;22
2221730;Sinan;7;22
2228276;kkoopa;6;22
2252848;richgilbank;7;22
2281316;tunniclm;7;22
2297634;MartinSeeler;7;22
2324733;jessepinho;7;22
2334501;busterb;6;22
2336100;sylvain-hamel;2;22
2351771;chrischang12;7;22
2352372;wettowelreactor;8;22
2369562;smikes;7;22
2375205;addaleax;4;22
2382754;tikue;4;22
2384067;markyen;7;22
2398955;mick;3;22
2410735;azweb76;3;22
2456315;clarkwinkelmann;7;22
2490306;pandaiolo;3;22
2490771;garethbowen;3;22
2495617;emilycoco;7;22
2499963;parkjaeman;8;22
2504302;danielsantiago;8;22
2504661;CFXd;2;22
2505057;dhimil;6;22
2520945;ryanflorence;1;22
2531222;mgiuffrida;1;22
2535079;jaybe-jekyll;7;22
2547438;steelbrain;6;22
2560228;MajorBreakfast;3;22
2565461;crandmck;4;22
2616227;rkday;8;22
2632849;eth0lo;3;22
2651650;tochiai;6;22
2698894;rohiniwork;7;22
2777297;seanlinsley;5;22
2793942;valueof;1;22
2819800;TeXitoi;10;22
2834328;glennw;3;22
2862252;SquadraCorse;8;22
2862599;mex;4;22
2885416;rknell;8;22
2896175;ccd0;8;22
3018157;SheetJSDev;8;22
3024343;iliekturtles;10;22
3062929;P1start;3;22
3109158;glaebhoerl;10;22
3159866;arai-a;9;22
3166224;Feminist-Software-Foundation;9;22
3173541;gentlefolk;5;22
3175510;Matthias247;10;22
3185579;piamancini;5;22
3199655;snopeks;9;22
3212254;dmac;7;22
3281496;lucthev;8;22
3295782;majioa;4;22
3304760;co3k;7;22
3350235;ijobling;2;22
3356071;cgaebel;2;22
3381926;tbu-;10;22
3394418;gormanb;8;22
3426066;liuxuanzy;9;22
3484389;DannyDelott;6;22
3498190;bjadamson;10;22
3512957;Dcousens;4;22
3606548;akash1810;7;22
3646348;zmbush;7;22
3734802;SapphicNerd;9;22
3744332;esco;6;22
3777456;RadicalZephyr;5;22
3790058;gmorenz;2;22
3819401;ArianF;10;22
3876726;bontibon;7;22
3942603;jasonhl;10;22
3965107;nicolewhite;10;22
4007958;sonalkr132;10;22
4036287;ctjhoa;10;22
4111286;jtg-gg;6;22
4130694;ex1st;10;22
4223913;BenMann;10;22
4239898;d9n;8;22
4282338;mkwiser;5;22
4392257;j0tunn;10;22
4467956;kuychaco;10;22
4537773;jekyllbot;8;22
4539568;reavowed;1;22
4637141;rwjblue;1;22
4649576;gekkoe;7;22
4744706;CalebMer;11;22
4924981;elderbas;11;22
5006349;nicolo-ribaudo;9;22
5009725;gitter-badger;11;22
5439028;hmil;2;22
5621849;piotrtomiak;6;22
5687241;hgoodman;11;22
5742999;bamsy;12;22
5759832;vendethiel;1;22
5829131;hzoo;1;22
6138124;jray;12;22
6150533;yury-s;12;22
6478033;laurelnaiad;6;22
6492605;jscissr;6;22
6544719;yokangy;6;22
6611460;zkat;2;22
6741369;chrisckchang;5;22
6799484;OnixGH;13;22
6956107;ascripcaru;11;22
7175799;nrc;1;22
7512921;not-an-aardvark;13;22
7618935;sajibcse68;11;22
7641927;JoshuaKGoldberg;5;22
8526202;JKAussieSkater;14;22
8689806;zarenner;15;22
8767767;lgaticaq;7;22
9478906;greenkeeperio-bot;15;22
9701505;ajfranzoia;7;22
9721920;git-no;8;22
10453471;ReadmeCritic;16;22
10511930;sibedge;16;22
10782725;isiahmeadows;6;22
12235512;nscyclone;7;22
